actual	predicted	count	x	y
TASK01_CON07	TASK01_CON07	11915	1	1
TASK01_CON07	TASK01_CON08	0	1	2
TASK01_CON07	TASK01_CON09	0	1	3
TASK01_CON07	TASK02_CON25	0	1	4
TASK01_CON07	TASK02_CON26	0	1	5
TASK01_CON07	TASK02_CON27	0	1	6
TASK01_CON07	TASK03_CON19	0	1	7
TASK01_CON07	TASK03_CON20	0	1	8
TASK01_CON07	TASK03_CON22	0	1	9
TASK01_CON07	TASK04_CON61	0	1	10
TASK01_CON07	TASK04_CON62	0	1	11
TASK01_CON07	TASK04_CON63	0	1	12
TASK01_CON07	TASK04_CON64	0	1	13
TASK01_CON07	TASK04_CON65	0	1	14
TASK01_CON07	TASK04_CON66	0	1	15
TASK01_CON07	TASK04_CON67	0	1	16
TASK01_CON07	TASK04_CON68	0	1	17
TASK01_CON07	TASK04_CON69	0	1	18
TASK01_CON07	TASK04_CON70	0	1	19
TASK01_CON07	TASK04_CON71	0	1	20
TASK01_CON07	TASK04_CON72	0	1	21
TASK01_CON07	TASK04_CON73	0	1	22
TASK01_CON07	TASK05_CON13	85	1	23
TASK01_CON07	TASK05_CON14	0	1	24
TASK01_CON07	TASK05_CON15	0	1	25
TASK01_CON07	TASK06_CON01	0	1	26
TASK01_CON07	TASK06_CON02	0	1	27
TASK01_CON07	TASK06_CON06	0	1	28
TASK01_CON07	TASK07_CON31	0	1	29
TASK01_CON07	TASK07_CON32	0	1	30
TASK01_CON07	TASK07_CON33	0	1	31
TASK01_CON07	TASK07_CON34	0	1	32
TASK01_CON07	TASK07_CON35	0	1	33
TASK01_CON07	TASK07_CON36	0	1	34
TASK01_CON07	TASK07_CON37	0	1	35
TASK01_CON07	TASK07_CON38	0	1	36
TASK01_CON07	TASK07_CON39	0	1	37
TASK01_CON07	TASK07_CON40	0	1	38
TASK01_CON07	TASK07_CON41	0	1	39
TASK01_CON07	TASK07_CON45	0	1	40
TASK01_CON07	TASK07_CON46	0	1	41
TASK01_CON07	TASK07_CON47	0	1	42
TASK01_CON07	TASK07_CON48	0	1	43
TASK01_CON07	TASK07_CON49	0	1	44
TASK01_CON07	TASK07_CON50	0	1	45
TASK01_CON07	TASK07_CON51	0	1	46
TASK01_CON07	TASK07_CON52	0	1	47
TASK01_CON08	TASK01_CON07	0	2	1
TASK01_CON08	TASK01_CON08	11801	2	2
TASK01_CON08	TASK01_CON09	0	2	3
TASK01_CON08	TASK02_CON25	0	2	4
TASK01_CON08	TASK02_CON26	38	2	5
TASK01_CON08	TASK02_CON27	0	2	6
TASK01_CON08	TASK03_CON19	0	2	7
TASK01_CON08	TASK03_CON20	0	2	8
TASK01_CON08	TASK03_CON22	0	2	9
TASK01_CON08	TASK04_CON61	0	2	10
TASK01_CON08	TASK04_CON62	0	2	11
TASK01_CON08	TASK04_CON63	0	2	12
TASK01_CON08	TASK04_CON64	0	2	13
TASK01_CON08	TASK04_CON65	0	2	14
TASK01_CON08	TASK04_CON66	0	2	15
TASK01_CON08	TASK04_CON67	0	2	16
TASK01_CON08	TASK04_CON68	0	2	17
TASK01_CON08	TASK04_CON69	0	2	18
TASK01_CON08	TASK04_CON70	0	2	19
TASK01_CON08	TASK04_CON71	0	2	20
TASK01_CON08	TASK04_CON72	0	2	21
TASK01_CON08	TASK04_CON73	0	2	22
TASK01_CON08	TASK05_CON13	161	2	23
TASK01_CON08	TASK05_CON14	0	2	24
TASK01_CON08	TASK05_CON15	0	2	25
TASK01_CON08	TASK06_CON01	0	2	26
TASK01_CON08	TASK06_CON02	0	2	27
TASK01_CON08	TASK06_CON06	0	2	28
TASK01_CON08	TASK07_CON31	0	2	29
TASK01_CON08	TASK07_CON32	0	2	30
TASK01_CON08	TASK07_CON33	0	2	31
TASK01_CON08	TASK07_CON34	0	2	32
TASK01_CON08	TASK07_CON35	0	2	33
TASK01_CON08	TASK07_CON36	0	2	34
TASK01_CON08	TASK07_CON37	0	2	35
TASK01_CON08	TASK07_CON38	0	2	36
TASK01_CON08	TASK07_CON39	0	2	37
TASK01_CON08	TASK07_CON40	0	2	38
TASK01_CON08	TASK07_CON41	0	2	39
TASK01_CON08	TASK07_CON45	0	2	40
TASK01_CON08	TASK07_CON46	0	2	41
TASK01_CON08	TASK07_CON47	0	2	42
TASK01_CON08	TASK07_CON48	0	2	43
TASK01_CON08	TASK07_CON49	0	2	44
TASK01_CON08	TASK07_CON50	0	2	45
TASK01_CON08	TASK07_CON51	0	2	46
TASK01_CON08	TASK07_CON52	0	2	47
TASK01_CON09	TASK01_CON07	0	3	1
TASK01_CON09	TASK01_CON08	0	3	2
TASK01_CON09	TASK01_CON09	12000	3	3
TASK01_CON09	TASK02_CON25	0	3	4
TASK01_CON09	TASK02_CON26	0	3	5
TASK01_CON09	TASK02_CON27	0	3	6
TASK01_CON09	TASK03_CON19	0	3	7
TASK01_CON09	TASK03_CON20	0	3	8
TASK01_CON09	TASK03_CON22	0	3	9
TASK01_CON09	TASK04_CON61	0	3	10
TASK01_CON09	TASK04_CON62	0	3	11
TASK01_CON09	TASK04_CON63	0	3	12
TASK01_CON09	TASK04_CON64	0	3	13
TASK01_CON09	TASK04_CON65	0	3	14
TASK01_CON09	TASK04_CON66	0	3	15
TASK01_CON09	TASK04_CON67	0	3	16
TASK01_CON09	TASK04_CON68	0	3	17
TASK01_CON09	TASK04_CON69	0	3	18
TASK01_CON09	TASK04_CON70	0	3	19
TASK01_CON09	TASK04_CON71	0	3	20
TASK01_CON09	TASK04_CON72	0	3	21
TASK01_CON09	TASK04_CON73	0	3	22
TASK01_CON09	TASK05_CON13	0	3	23
TASK01_CON09	TASK05_CON14	0	3	24
TASK01_CON09	TASK05_CON15	0	3	25
TASK01_CON09	TASK06_CON01	0	3	26
TASK01_CON09	TASK06_CON02	0	3	27
TASK01_CON09	TASK06_CON06	0	3	28
TASK01_CON09	TASK07_CON31	0	3	29
TASK01_CON09	TASK07_CON32	0	3	30
TASK01_CON09	TASK07_CON33	0	3	31
TASK01_CON09	TASK07_CON34	0	3	32
TASK01_CON09	TASK07_CON35	0	3	33
TASK01_CON09	TASK07_CON36	0	3	34
TASK01_CON09	TASK07_CON37	0	3	35
TASK01_CON09	TASK07_CON38	0	3	36
TASK01_CON09	TASK07_CON39	0	3	37
TASK01_CON09	TASK07_CON40	0	3	38
TASK01_CON09	TASK07_CON41	0	3	39
TASK01_CON09	TASK07_CON45	0	3	40
TASK01_CON09	TASK07_CON46	0	3	41
TASK01_CON09	TASK07_CON47	0	3	42
TASK01_CON09	TASK07_CON48	0	3	43
TASK01_CON09	TASK07_CON49	0	3	44
TASK01_CON09	TASK07_CON50	0	3	45
TASK01_CON09	TASK07_CON51	0	3	46
TASK01_CON09	TASK07_CON52	0	3	47
TASK02_CON25	TASK01_CON07	0	4	1
TASK02_CON25	TASK01_CON08	0	4	2
TASK02_CON25	TASK01_CON09	0	4	3
TASK02_CON25	TASK02_CON25	8134	4	4
TASK02_CON25	TASK02_CON26	3866	4	5
TASK02_CON25	TASK02_CON27	0	4	6
TASK02_CON25	TASK03_CON19	0	4	7
TASK02_CON25	TASK03_CON20	0	4	8
TASK02_CON25	TASK03_CON22	0	4	9
TASK02_CON25	TASK04_CON61	0	4	10
TASK02_CON25	TASK04_CON62	0	4	11
TASK02_CON25	TASK04_CON63	0	4	12
TASK02_CON25	TASK04_CON64	0	4	13
TASK02_CON25	TASK04_CON65	0	4	14
TASK02_CON25	TASK04_CON66	0	4	15
TASK02_CON25	TASK04_CON67	0	4	16
TASK02_CON25	TASK04_CON68	0	4	17
TASK02_CON25	TASK04_CON69	0	4	18
TASK02_CON25	TASK04_CON70	0	4	19
TASK02_CON25	TASK04_CON71	0	4	20
TASK02_CON25	TASK04_CON72	0	4	21
TASK02_CON25	TASK04_CON73	0	4	22
TASK02_CON25	TASK05_CON13	0	4	23
TASK02_CON25	TASK05_CON14	0	4	24
TASK02_CON25	TASK05_CON15	0	4	25
TASK02_CON25	TASK06_CON01	0	4	26
TASK02_CON25	TASK06_CON02	0	4	27
TASK02_CON25	TASK06_CON06	0	4	28
TASK02_CON25	TASK07_CON31	0	4	29
TASK02_CON25	TASK07_CON32	0	4	30
TASK02_CON25	TASK07_CON33	0	4	31
TASK02_CON25	TASK07_CON34	0	4	32
TASK02_CON25	TASK07_CON35	0	4	33
TASK02_CON25	TASK07_CON36	0	4	34
TASK02_CON25	TASK07_CON37	0	4	35
TASK02_CON25	TASK07_CON38	0	4	36
TASK02_CON25	TASK07_CON39	0	4	37
TASK02_CON25	TASK07_CON40	0	4	38
TASK02_CON25	TASK07_CON41	0	4	39
TASK02_CON25	TASK07_CON45	0	4	40
TASK02_CON25	TASK07_CON46	0	4	41
TASK02_CON25	TASK07_CON47	0	4	42
TASK02_CON25	TASK07_CON48	0	4	43
TASK02_CON25	TASK07_CON49	0	4	44
TASK02_CON25	TASK07_CON50	0	4	45
TASK02_CON25	TASK07_CON51	0	4	46
TASK02_CON25	TASK07_CON52	0	4	47
TASK02_CON26	TASK01_CON07	0	5	1
TASK02_CON26	TASK01_CON08	0	5	2
TASK02_CON26	TASK01_CON09	0	5	3
TASK02_CON26	TASK02_CON25	356	5	4
TASK02_CON26	TASK02_CON26	11643	5	5
TASK02_CON26	TASK02_CON27	0	5	6
TASK02_CON26	TASK03_CON19	0	5	7
TASK02_CON26	TASK03_CON20	0	5	8
TASK02_CON26	TASK03_CON22	0	5	9
TASK02_CON26	TASK04_CON61	0	5	10
TASK02_CON26	TASK04_CON62	0	5	11
TASK02_CON26	TASK04_CON63	0	5	12
TASK02_CON26	TASK04_CON64	0	5	13
TASK02_CON26	TASK04_CON65	0	5	14
TASK02_CON26	TASK04_CON66	0	5	15
TASK02_CON26	TASK04_CON67	0	5	16
TASK02_CON26	TASK04_CON68	0	5	17
TASK02_CON26	TASK04_CON69	0	5	18
TASK02_CON26	TASK04_CON70	0	5	19
TASK02_CON26	TASK04_CON71	0	5	20
TASK02_CON26	TASK04_CON72	0	5	21
TASK02_CON26	TASK04_CON73	0	5	22
TASK02_CON26	TASK05_CON13	1	5	23
TASK02_CON26	TASK05_CON14	0	5	24
TASK02_CON26	TASK05_CON15	0	5	25
TASK02_CON26	TASK06_CON01	0	5	26
TASK02_CON26	TASK06_CON02	0	5	27
TASK02_CON26	TASK06_CON06	0	5	28
TASK02_CON26	TASK07_CON31	0	5	29
TASK02_CON26	TASK07_CON32	0	5	30
TASK02_CON26	TASK07_CON33	0	5	31
TASK02_CON26	TASK07_CON34	0	5	32
TASK02_CON26	TASK07_CON35	0	5	33
TASK02_CON26	TASK07_CON36	0	5	34
TASK02_CON26	TASK07_CON37	0	5	35
TASK02_CON26	TASK07_CON38	0	5	36
TASK02_CON26	TASK07_CON39	0	5	37
TASK02_CON26	TASK07_CON40	0	5	38
TASK02_CON26	TASK07_CON41	0	5	39
TASK02_CON26	TASK07_CON45	0	5	40
TASK02_CON26	TASK07_CON46	0	5	41
TASK02_CON26	TASK07_CON47	0	5	42
TASK02_CON26	TASK07_CON48	0	5	43
TASK02_CON26	TASK07_CON49	0	5	44
TASK02_CON26	TASK07_CON50	0	5	45
TASK02_CON26	TASK07_CON51	0	5	46
TASK02_CON26	TASK07_CON52	0	5	47
TASK02_CON27	TASK01_CON07	0	6	1
TASK02_CON27	TASK01_CON08	0	6	2
TASK02_CON27	TASK01_CON09	0	6	3
TASK02_CON27	TASK02_CON25	0	6	4
TASK02_CON27	TASK02_CON26	0	6	5
TASK02_CON27	TASK02_CON27	7997	6	6
TASK02_CON27	TASK03_CON19	157	6	7
TASK02_CON27	TASK03_CON20	3334	6	8
TASK02_CON27	TASK03_CON22	146	6	9
TASK02_CON27	TASK04_CON61	0	6	10
TASK02_CON27	TASK04_CON62	29	6	11
TASK02_CON27	TASK04_CON63	0	6	12
TASK02_CON27	TASK04_CON64	8	6	13
TASK02_CON27	TASK04_CON65	0	6	14
TASK02_CON27	TASK04_CON66	45	6	15
TASK02_CON27	TASK04_CON67	28	6	16
TASK02_CON27	TASK04_CON68	0	6	17
TASK02_CON27	TASK04_CON69	1	6	18
TASK02_CON27	TASK04_CON70	13	6	19
TASK02_CON27	TASK04_CON71	0	6	20
TASK02_CON27	TASK04_CON72	37	6	21
TASK02_CON27	TASK04_CON73	17	6	22
TASK02_CON27	TASK05_CON13	0	6	23
TASK02_CON27	TASK05_CON14	0	6	24
TASK02_CON27	TASK05_CON15	2	6	25
TASK02_CON27	TASK06_CON01	0	6	26
TASK02_CON27	TASK06_CON02	0	6	27
TASK02_CON27	TASK06_CON06	0	6	28
TASK02_CON27	TASK07_CON31	0	6	29
TASK02_CON27	TASK07_CON32	0	6	30
TASK02_CON27	TASK07_CON33	0	6	31
TASK02_CON27	TASK07_CON34	0	6	32
TASK02_CON27	TASK07_CON35	0	6	33
TASK02_CON27	TASK07_CON36	0	6	34
TASK02_CON27	TASK07_CON37	0	6	35
TASK02_CON27	TASK07_CON38	0	6	36
TASK02_CON27	TASK07_CON39	0	6	37
TASK02_CON27	TASK07_CON40	0	6	38
TASK02_CON27	TASK07_CON41	10	6	39
TASK02_CON27	TASK07_CON45	0	6	40
TASK02_CON27	TASK07_CON46	0	6	41
TASK02_CON27	TASK07_CON47	0	6	42
TASK02_CON27	TASK07_CON48	0	6	43
TASK02_CON27	TASK07_CON49	0	6	44
TASK02_CON27	TASK07_CON50	176	6	45
TASK02_CON27	TASK07_CON51	0	6	46
TASK02_CON27	TASK07_CON52	0	6	47
TASK03_CON19	TASK01_CON07	0	7	1
TASK03_CON19	TASK01_CON08	0	7	2
TASK03_CON19	TASK01_CON09	0	7	3
TASK03_CON19	TASK02_CON25	0	7	4
TASK03_CON19	TASK02_CON26	1	7	5
TASK03_CON19	TASK02_CON27	0	7	6
TASK03_CON19	TASK03_CON19	11977	7	7
TASK03_CON19	TASK03_CON20	16	7	8
TASK03_CON19	TASK03_CON22	0	7	9
TASK03_CON19	TASK04_CON61	0	7	10
TASK03_CON19	TASK04_CON62	0	7	11
TASK03_CON19	TASK04_CON63	0	7	12
TASK03_CON19	TASK04_CON64	0	7	13
TASK03_CON19	TASK04_CON65	0	7	14
TASK03_CON19	TASK04_CON66	0	7	15
TASK03_CON19	TASK04_CON67	0	7	16
TASK03_CON19	TASK04_CON68	0	7	17
TASK03_CON19	TASK04_CON69	0	7	18
TASK03_CON19	TASK04_CON70	0	7	19
TASK03_CON19	TASK04_CON71	0	7	20
TASK03_CON19	TASK04_CON72	0	7	21
TASK03_CON19	TASK04_CON73	0	7	22
TASK03_CON19	TASK05_CON13	2	7	23
TASK03_CON19	TASK05_CON14	3	7	24
TASK03_CON19	TASK05_CON15	0	7	25
TASK03_CON19	TASK06_CON01	0	7	26
TASK03_CON19	TASK06_CON02	0	7	27
TASK03_CON19	TASK06_CON06	0	7	28
TASK03_CON19	TASK07_CON31	0	7	29
TASK03_CON19	TASK07_CON32	0	7	30
TASK03_CON19	TASK07_CON33	0	7	31
TASK03_CON19	TASK07_CON34	0	7	32
TASK03_CON19	TASK07_CON35	0	7	33
TASK03_CON19	TASK07_CON36	0	7	34
TASK03_CON19	TASK07_CON37	0	7	35
TASK03_CON19	TASK07_CON38	0	7	36
TASK03_CON19	TASK07_CON39	1	7	37
TASK03_CON19	TASK07_CON40	0	7	38
TASK03_CON19	TASK07_CON41	0	7	39
TASK03_CON19	TASK07_CON45	0	7	40
TASK03_CON19	TASK07_CON46	0	7	41
TASK03_CON19	TASK07_CON47	0	7	42
TASK03_CON19	TASK07_CON48	0	7	43
TASK03_CON19	TASK07_CON49	0	7	44
TASK03_CON19	TASK07_CON50	0	7	45
TASK03_CON19	TASK07_CON51	0	7	46
TASK03_CON19	TASK07_CON52	0	7	47
TASK03_CON20	TASK01_CON07	0	8	1
TASK03_CON20	TASK01_CON08	0	8	2
TASK03_CON20	TASK01_CON09	0	8	3
TASK03_CON20	TASK02_CON25	0	8	4
TASK03_CON20	TASK02_CON26	0	8	5
TASK03_CON20	TASK02_CON27	0	8	6
TASK03_CON20	TASK03_CON19	0	8	7
TASK03_CON20	TASK03_CON20	11999	8	8
TASK03_CON20	TASK03_CON22	1	8	9
TASK03_CON20	TASK04_CON61	0	8	10
TASK03_CON20	TASK04_CON62	0	8	11
TASK03_CON20	TASK04_CON63	0	8	12
TASK03_CON20	TASK04_CON64	0	8	13
TASK03_CON20	TASK04_CON65	0	8	14
TASK03_CON20	TASK04_CON66	0	8	15
TASK03_CON20	TASK04_CON67	0	8	16
TASK03_CON20	TASK04_CON68	0	8	17
TASK03_CON20	TASK04_CON69	0	8	18
TASK03_CON20	TASK04_CON70	0	8	19
TASK03_CON20	TASK04_CON71	0	8	20
TASK03_CON20	TASK04_CON72	0	8	21
TASK03_CON20	TASK04_CON73	0	8	22
TASK03_CON20	TASK05_CON13	0	8	23
TASK03_CON20	TASK05_CON14	0	8	24
TASK03_CON20	TASK05_CON15	0	8	25
TASK03_CON20	TASK06_CON01	0	8	26
TASK03_CON20	TASK06_CON02	0	8	27
TASK03_CON20	TASK06_CON06	0	8	28
TASK03_CON20	TASK07_CON31	0	8	29
TASK03_CON20	TASK07_CON32	0	8	30
TASK03_CON20	TASK07_CON33	0	8	31
TASK03_CON20	TASK07_CON34	0	8	32
TASK03_CON20	TASK07_CON35	0	8	33
TASK03_CON20	TASK07_CON36	0	8	34
TASK03_CON20	TASK07_CON37	0	8	35
TASK03_CON20	TASK07_CON38	0	8	36
TASK03_CON20	TASK07_CON39	0	8	37
TASK03_CON20	TASK07_CON40	0	8	38
TASK03_CON20	TASK07_CON41	0	8	39
TASK03_CON20	TASK07_CON45	0	8	40
TASK03_CON20	TASK07_CON46	0	8	41
TASK03_CON20	TASK07_CON47	0	8	42
TASK03_CON20	TASK07_CON48	0	8	43
TASK03_CON20	TASK07_CON49	0	8	44
TASK03_CON20	TASK07_CON50	0	8	45
TASK03_CON20	TASK07_CON51	0	8	46
TASK03_CON20	TASK07_CON52	0	8	47
TASK03_CON22	TASK01_CON07	0	9	1
TASK03_CON22	TASK01_CON08	0	9	2
TASK03_CON22	TASK01_CON09	0	9	3
TASK03_CON22	TASK02_CON25	0	9	4
TASK03_CON22	TASK02_CON26	0	9	5
TASK03_CON22	TASK02_CON27	0	9	6
TASK03_CON22	TASK03_CON19	0	9	7
TASK03_CON22	TASK03_CON20	0	9	8
TASK03_CON22	TASK03_CON22	12000	9	9
TASK03_CON22	TASK04_CON61	0	9	10
TASK03_CON22	TASK04_CON62	0	9	11
TASK03_CON22	TASK04_CON63	0	9	12
TASK03_CON22	TASK04_CON64	0	9	13
TASK03_CON22	TASK04_CON65	0	9	14
TASK03_CON22	TASK04_CON66	0	9	15
TASK03_CON22	TASK04_CON67	0	9	16
TASK03_CON22	TASK04_CON68	0	9	17
TASK03_CON22	TASK04_CON69	0	9	18
TASK03_CON22	TASK04_CON70	0	9	19
TASK03_CON22	TASK04_CON71	0	9	20
TASK03_CON22	TASK04_CON72	0	9	21
TASK03_CON22	TASK04_CON73	0	9	22
TASK03_CON22	TASK05_CON13	0	9	23
TASK03_CON22	TASK05_CON14	0	9	24
TASK03_CON22	TASK05_CON15	0	9	25
TASK03_CON22	TASK06_CON01	0	9	26
TASK03_CON22	TASK06_CON02	0	9	27
TASK03_CON22	TASK06_CON06	0	9	28
TASK03_CON22	TASK07_CON31	0	9	29
TASK03_CON22	TASK07_CON32	0	9	30
TASK03_CON22	TASK07_CON33	0	9	31
TASK03_CON22	TASK07_CON34	0	9	32
TASK03_CON22	TASK07_CON35	0	9	33
TASK03_CON22	TASK07_CON36	0	9	34
TASK03_CON22	TASK07_CON37	0	9	35
TASK03_CON22	TASK07_CON38	0	9	36
TASK03_CON22	TASK07_CON39	0	9	37
TASK03_CON22	TASK07_CON40	0	9	38
TASK03_CON22	TASK07_CON41	0	9	39
TASK03_CON22	TASK07_CON45	0	9	40
TASK03_CON22	TASK07_CON46	0	9	41
TASK03_CON22	TASK07_CON47	0	9	42
TASK03_CON22	TASK07_CON48	0	9	43
TASK03_CON22	TASK07_CON49	0	9	44
TASK03_CON22	TASK07_CON50	0	9	45
TASK03_CON22	TASK07_CON51	0	9	46
TASK03_CON22	TASK07_CON52	0	9	47
TASK04_CON61	TASK01_CON07	0	10	1
TASK04_CON61	TASK01_CON08	0	10	2
TASK04_CON61	TASK01_CON09	0	10	3
TASK04_CON61	TASK02_CON25	0	10	4
TASK04_CON61	TASK02_CON26	0	10	5
TASK04_CON61	TASK02_CON27	0	10	6
TASK04_CON61	TASK03_CON19	0	10	7
TASK04_CON61	TASK03_CON20	0	10	8
TASK04_CON61	TASK03_CON22	0	10	9
TASK04_CON61	TASK04_CON61	12000	10	10
TASK04_CON61	TASK04_CON62	0	10	11
TASK04_CON61	TASK04_CON63	0	10	12
TASK04_CON61	TASK04_CON64	0	10	13
TASK04_CON61	TASK04_CON65	0	10	14
TASK04_CON61	TASK04_CON66	0	10	15
TASK04_CON61	TASK04_CON67	0	10	16
TASK04_CON61	TASK04_CON68	0	10	17
TASK04_CON61	TASK04_CON69	0	10	18
TASK04_CON61	TASK04_CON70	0	10	19
TASK04_CON61	TASK04_CON71	0	10	20
TASK04_CON61	TASK04_CON72	0	10	21
TASK04_CON61	TASK04_CON73	0	10	22
TASK04_CON61	TASK05_CON13	0	10	23
TASK04_CON61	TASK05_CON14	0	10	24
TASK04_CON61	TASK05_CON15	0	10	25
TASK04_CON61	TASK06_CON01	0	10	26
TASK04_CON61	TASK06_CON02	0	10	27
TASK04_CON61	TASK06_CON06	0	10	28
TASK04_CON61	TASK07_CON31	0	10	29
TASK04_CON61	TASK07_CON32	0	10	30
TASK04_CON61	TASK07_CON33	0	10	31
TASK04_CON61	TASK07_CON34	0	10	32
TASK04_CON61	TASK07_CON35	0	10	33
TASK04_CON61	TASK07_CON36	0	10	34
TASK04_CON61	TASK07_CON37	0	10	35
TASK04_CON61	TASK07_CON38	0	10	36
TASK04_CON61	TASK07_CON39	0	10	37
TASK04_CON61	TASK07_CON40	0	10	38
TASK04_CON61	TASK07_CON41	0	10	39
TASK04_CON61	TASK07_CON45	0	10	40
TASK04_CON61	TASK07_CON46	0	10	41
TASK04_CON61	TASK07_CON47	0	10	42
TASK04_CON61	TASK07_CON48	0	10	43
TASK04_CON61	TASK07_CON49	0	10	44
TASK04_CON61	TASK07_CON50	0	10	45
TASK04_CON61	TASK07_CON51	0	10	46
TASK04_CON61	TASK07_CON52	0	10	47
TASK04_CON62	TASK01_CON07	0	11	1
TASK04_CON62	TASK01_CON08	0	11	2
TASK04_CON62	TASK01_CON09	0	11	3
TASK04_CON62	TASK02_CON25	0	11	4
TASK04_CON62	TASK02_CON26	0	11	5
TASK04_CON62	TASK02_CON27	0	11	6
TASK04_CON62	TASK03_CON19	0	11	7
TASK04_CON62	TASK03_CON20	0	11	8
TASK04_CON62	TASK03_CON22	0	11	9
TASK04_CON62	TASK04_CON61	0	11	10
TASK04_CON62	TASK04_CON62	11796	11	11
TASK04_CON62	TASK04_CON63	0	11	12
TASK04_CON62	TASK04_CON64	77	11	13
TASK04_CON62	TASK04_CON65	0	11	14
TASK04_CON62	TASK04_CON66	0	11	15
TASK04_CON62	TASK04_CON67	127	11	16
TASK04_CON62	TASK04_CON68	0	11	17
TASK04_CON62	TASK04_CON69	0	11	18
TASK04_CON62	TASK04_CON70	0	11	19
TASK04_CON62	TASK04_CON71	0	11	20
TASK04_CON62	TASK04_CON72	0	11	21
TASK04_CON62	TASK04_CON73	0	11	22
TASK04_CON62	TASK05_CON13	0	11	23
TASK04_CON62	TASK05_CON14	0	11	24
TASK04_CON62	TASK05_CON15	0	11	25
TASK04_CON62	TASK06_CON01	0	11	26
TASK04_CON62	TASK06_CON02	0	11	27
TASK04_CON62	TASK06_CON06	0	11	28
TASK04_CON62	TASK07_CON31	0	11	29
TASK04_CON62	TASK07_CON32	0	11	30
TASK04_CON62	TASK07_CON33	0	11	31
TASK04_CON62	TASK07_CON34	0	11	32
TASK04_CON62	TASK07_CON35	0	11	33
TASK04_CON62	TASK07_CON36	0	11	34
TASK04_CON62	TASK07_CON37	0	11	35
TASK04_CON62	TASK07_CON38	0	11	36
TASK04_CON62	TASK07_CON39	0	11	37
TASK04_CON62	TASK07_CON40	0	11	38
TASK04_CON62	TASK07_CON41	0	11	39
TASK04_CON62	TASK07_CON45	0	11	40
TASK04_CON62	TASK07_CON46	0	11	41
TASK04_CON62	TASK07_CON47	0	11	42
TASK04_CON62	TASK07_CON48	0	11	43
TASK04_CON62	TASK07_CON49	0	11	44
TASK04_CON62	TASK07_CON50	0	11	45
TASK04_CON62	TASK07_CON51	0	11	46
TASK04_CON62	TASK07_CON52	0	11	47
TASK04_CON63	TASK01_CON07	0	12	1
TASK04_CON63	TASK01_CON08	0	12	2
TASK04_CON63	TASK01_CON09	0	12	3
TASK04_CON63	TASK02_CON25	0	12	4
TASK04_CON63	TASK02_CON26	0	12	5
TASK04_CON63	TASK02_CON27	0	12	6
TASK04_CON63	TASK03_CON19	0	12	7
TASK04_CON63	TASK03_CON20	0	12	8
TASK04_CON63	TASK03_CON22	0	12	9
TASK04_CON63	TASK04_CON61	0	12	10
TASK04_CON63	TASK04_CON62	0	12	11
TASK04_CON63	TASK04_CON63	11749	12	12
TASK04_CON63	TASK04_CON64	0	12	13
TASK04_CON63	TASK04_CON65	0	12	14
TASK04_CON63	TASK04_CON66	0	12	15
TASK04_CON63	TASK04_CON67	125	12	16
TASK04_CON63	TASK04_CON68	0	12	17
TASK04_CON63	TASK04_CON69	0	12	18
TASK04_CON63	TASK04_CON70	126	12	19
TASK04_CON63	TASK04_CON71	0	12	20
TASK04_CON63	TASK04_CON72	0	12	21
TASK04_CON63	TASK04_CON73	0	12	22
TASK04_CON63	TASK05_CON13	0	12	23
TASK04_CON63	TASK05_CON14	0	12	24
TASK04_CON63	TASK05_CON15	0	12	25
TASK04_CON63	TASK06_CON01	0	12	26
TASK04_CON63	TASK06_CON02	0	12	27
TASK04_CON63	TASK06_CON06	0	12	28
TASK04_CON63	TASK07_CON31	0	12	29
TASK04_CON63	TASK07_CON32	0	12	30
TASK04_CON63	TASK07_CON33	0	12	31
TASK04_CON63	TASK07_CON34	0	12	32
TASK04_CON63	TASK07_CON35	0	12	33
TASK04_CON63	TASK07_CON36	0	12	34
TASK04_CON63	TASK07_CON37	0	12	35
TASK04_CON63	TASK07_CON38	0	12	36
TASK04_CON63	TASK07_CON39	0	12	37
TASK04_CON63	TASK07_CON40	0	12	38
TASK04_CON63	TASK07_CON41	0	12	39
TASK04_CON63	TASK07_CON45	0	12	40
TASK04_CON63	TASK07_CON46	0	12	41
TASK04_CON63	TASK07_CON47	0	12	42
TASK04_CON63	TASK07_CON48	0	12	43
TASK04_CON63	TASK07_CON49	0	12	44
TASK04_CON63	TASK07_CON50	0	12	45
TASK04_CON63	TASK07_CON51	0	12	46
TASK04_CON63	TASK07_CON52	0	12	47
TASK04_CON64	TASK01_CON07	0	13	1
TASK04_CON64	TASK01_CON08	0	13	2
TASK04_CON64	TASK01_CON09	0	13	3
TASK04_CON64	TASK02_CON25	0	13	4
TASK04_CON64	TASK02_CON26	0	13	5
TASK04_CON64	TASK02_CON27	0	13	6
TASK04_CON64	TASK03_CON19	0	13	7
TASK04_CON64	TASK03_CON20	0	13	8
TASK04_CON64	TASK03_CON22	0	13	9
TASK04_CON64	TASK04_CON61	0	13	10
TASK04_CON64	TASK04_CON62	47	13	11
TASK04_CON64	TASK04_CON63	0	13	12
TASK04_CON64	TASK04_CON64	11926	13	13
TASK04_CON64	TASK04_CON65	1	13	14
TASK04_CON64	TASK04_CON66	0	13	15
TASK04_CON64	TASK04_CON67	26	13	16
TASK04_CON64	TASK04_CON68	0	13	17
TASK04_CON64	TASK04_CON69	0	13	18
TASK04_CON64	TASK04_CON70	0	13	19
TASK04_CON64	TASK04_CON71	0	13	20
TASK04_CON64	TASK04_CON72	0	13	21
TASK04_CON64	TASK04_CON73	0	13	22
TASK04_CON64	TASK05_CON13	0	13	23
TASK04_CON64	TASK05_CON14	0	13	24
TASK04_CON64	TASK05_CON15	0	13	25
TASK04_CON64	TASK06_CON01	0	13	26
TASK04_CON64	TASK06_CON02	0	13	27
TASK04_CON64	TASK06_CON06	0	13	28
TASK04_CON64	TASK07_CON31	0	13	29
TASK04_CON64	TASK07_CON32	0	13	30
TASK04_CON64	TASK07_CON33	0	13	31
TASK04_CON64	TASK07_CON34	0	13	32
TASK04_CON64	TASK07_CON35	0	13	33
TASK04_CON64	TASK07_CON36	0	13	34
TASK04_CON64	TASK07_CON37	0	13	35
TASK04_CON64	TASK07_CON38	0	13	36
TASK04_CON64	TASK07_CON39	0	13	37
TASK04_CON64	TASK07_CON40	0	13	38
TASK04_CON64	TASK07_CON41	0	13	39
TASK04_CON64	TASK07_CON45	0	13	40
TASK04_CON64	TASK07_CON46	0	13	41
TASK04_CON64	TASK07_CON47	0	13	42
TASK04_CON64	TASK07_CON48	0	13	43
TASK04_CON64	TASK07_CON49	0	13	44
TASK04_CON64	TASK07_CON50	0	13	45
TASK04_CON64	TASK07_CON51	0	13	46
TASK04_CON64	TASK07_CON52	0	13	47
TASK04_CON65	TASK01_CON07	0	14	1
TASK04_CON65	TASK01_CON08	0	14	2
TASK04_CON65	TASK01_CON09	0	14	3
TASK04_CON65	TASK02_CON25	0	14	4
TASK04_CON65	TASK02_CON26	0	14	5
TASK04_CON65	TASK02_CON27	0	14	6
TASK04_CON65	TASK03_CON19	0	14	7
TASK04_CON65	TASK03_CON20	0	14	8
TASK04_CON65	TASK03_CON22	0	14	9
TASK04_CON65	TASK04_CON61	0	14	10
TASK04_CON65	TASK04_CON62	0	14	11
TASK04_CON65	TASK04_CON63	0	14	12
TASK04_CON65	TASK04_CON64	58	14	13
TASK04_CON65	TASK04_CON65	11871	14	14
TASK04_CON65	TASK04_CON66	0	14	15
TASK04_CON65	TASK04_CON67	52	14	16
TASK04_CON65	TASK04_CON68	0	14	17
TASK04_CON65	TASK04_CON69	0	14	18
TASK04_CON65	TASK04_CON70	0	14	19
TASK04_CON65	TASK04_CON71	0	14	20
TASK04_CON65	TASK04_CON72	19	14	21
TASK04_CON65	TASK04_CON73	0	14	22
TASK04_CON65	TASK05_CON13	0	14	23
TASK04_CON65	TASK05_CON14	0	14	24
TASK04_CON65	TASK05_CON15	0	14	25
TASK04_CON65	TASK06_CON01	0	14	26
TASK04_CON65	TASK06_CON02	0	14	27
TASK04_CON65	TASK06_CON06	0	14	28
TASK04_CON65	TASK07_CON31	0	14	29
TASK04_CON65	TASK07_CON32	0	14	30
TASK04_CON65	TASK07_CON33	0	14	31
TASK04_CON65	TASK07_CON34	0	14	32
TASK04_CON65	TASK07_CON35	0	14	33
TASK04_CON65	TASK07_CON36	0	14	34
TASK04_CON65	TASK07_CON37	0	14	35
TASK04_CON65	TASK07_CON38	0	14	36
TASK04_CON65	TASK07_CON39	0	14	37
TASK04_CON65	TASK07_CON40	0	14	38
TASK04_CON65	TASK07_CON41	0	14	39
TASK04_CON65	TASK07_CON45	0	14	40
TASK04_CON65	TASK07_CON46	0	14	41
TASK04_CON65	TASK07_CON47	0	14	42
TASK04_CON65	TASK07_CON48	0	14	43
TASK04_CON65	TASK07_CON49	0	14	44
TASK04_CON65	TASK07_CON50	0	14	45
TASK04_CON65	TASK07_CON51	0	14	46
TASK04_CON65	TASK07_CON52	0	14	47
TASK04_CON66	TASK01_CON07	0	15	1
TASK04_CON66	TASK01_CON08	0	15	2
TASK04_CON66	TASK01_CON09	0	15	3
TASK04_CON66	TASK02_CON25	0	15	4
TASK04_CON66	TASK02_CON26	0	15	5
TASK04_CON66	TASK02_CON27	0	15	6
TASK04_CON66	TASK03_CON19	0	15	7
TASK04_CON66	TASK03_CON20	0	15	8
TASK04_CON66	TASK03_CON22	0	15	9
TASK04_CON66	TASK04_CON61	0	15	10
TASK04_CON66	TASK04_CON62	0	15	11
TASK04_CON66	TASK04_CON63	0	15	12
TASK04_CON66	TASK04_CON64	0	15	13
TASK04_CON66	TASK04_CON65	0	15	14
TASK04_CON66	TASK04_CON66	11991	15	15
TASK04_CON66	TASK04_CON67	3	15	16
TASK04_CON66	TASK04_CON68	0	15	17
TASK04_CON66	TASK04_CON69	0	15	18
TASK04_CON66	TASK04_CON70	0	15	19
TASK04_CON66	TASK04_CON71	0	15	20
TASK04_CON66	TASK04_CON72	0	15	21
TASK04_CON66	TASK04_CON73	6	15	22
TASK04_CON66	TASK05_CON13	0	15	23
TASK04_CON66	TASK05_CON14	0	15	24
TASK04_CON66	TASK05_CON15	0	15	25
TASK04_CON66	TASK06_CON01	0	15	26
TASK04_CON66	TASK06_CON02	0	15	27
TASK04_CON66	TASK06_CON06	0	15	28
TASK04_CON66	TASK07_CON31	0	15	29
TASK04_CON66	TASK07_CON32	0	15	30
TASK04_CON66	TASK07_CON33	0	15	31
TASK04_CON66	TASK07_CON34	0	15	32
TASK04_CON66	TASK07_CON35	0	15	33
TASK04_CON66	TASK07_CON36	0	15	34
TASK04_CON66	TASK07_CON37	0	15	35
TASK04_CON66	TASK07_CON38	0	15	36
TASK04_CON66	TASK07_CON39	0	15	37
TASK04_CON66	TASK07_CON40	0	15	38
TASK04_CON66	TASK07_CON41	0	15	39
TASK04_CON66	TASK07_CON45	0	15	40
TASK04_CON66	TASK07_CON46	0	15	41
TASK04_CON66	TASK07_CON47	0	15	42
TASK04_CON66	TASK07_CON48	0	15	43
TASK04_CON66	TASK07_CON49	0	15	44
TASK04_CON66	TASK07_CON50	0	15	45
TASK04_CON66	TASK07_CON51	0	15	46
TASK04_CON66	TASK07_CON52	0	15	47
TASK04_CON67	TASK01_CON07	0	16	1
TASK04_CON67	TASK01_CON08	0	16	2
TASK04_CON67	TASK01_CON09	0	16	3
TASK04_CON67	TASK02_CON25	0	16	4
TASK04_CON67	TASK02_CON26	0	16	5
TASK04_CON67	TASK02_CON27	0	16	6
TASK04_CON67	TASK03_CON19	0	16	7
TASK04_CON67	TASK03_CON20	0	16	8
TASK04_CON67	TASK03_CON22	0	16	9
TASK04_CON67	TASK04_CON61	0	16	10
TASK04_CON67	TASK04_CON62	0	16	11
TASK04_CON67	TASK04_CON63	0	16	12
TASK04_CON67	TASK04_CON64	0	16	13
TASK04_CON67	TASK04_CON65	0	16	14
TASK04_CON67	TASK04_CON66	1	16	15
TASK04_CON67	TASK04_CON67	11999	16	16
TASK04_CON67	TASK04_CON68	0	16	17
TASK04_CON67	TASK04_CON69	0	16	18
TASK04_CON67	TASK04_CON70	0	16	19
TASK04_CON67	TASK04_CON71	0	16	20
TASK04_CON67	TASK04_CON72	0	16	21
TASK04_CON67	TASK04_CON73	0	16	22
TASK04_CON67	TASK05_CON13	0	16	23
TASK04_CON67	TASK05_CON14	0	16	24
TASK04_CON67	TASK05_CON15	0	16	25
TASK04_CON67	TASK06_CON01	0	16	26
TASK04_CON67	TASK06_CON02	0	16	27
TASK04_CON67	TASK06_CON06	0	16	28
TASK04_CON67	TASK07_CON31	0	16	29
TASK04_CON67	TASK07_CON32	0	16	30
TASK04_CON67	TASK07_CON33	0	16	31
TASK04_CON67	TASK07_CON34	0	16	32
TASK04_CON67	TASK07_CON35	0	16	33
TASK04_CON67	TASK07_CON36	0	16	34
TASK04_CON67	TASK07_CON37	0	16	35
TASK04_CON67	TASK07_CON38	0	16	36
TASK04_CON67	TASK07_CON39	0	16	37
TASK04_CON67	TASK07_CON40	0	16	38
TASK04_CON67	TASK07_CON41	0	16	39
TASK04_CON67	TASK07_CON45	0	16	40
TASK04_CON67	TASK07_CON46	0	16	41
TASK04_CON67	TASK07_CON47	0	16	42
TASK04_CON67	TASK07_CON48	0	16	43
TASK04_CON67	TASK07_CON49	0	16	44
TASK04_CON67	TASK07_CON50	0	16	45
TASK04_CON67	TASK07_CON51	0	16	46
TASK04_CON67	TASK07_CON52	0	16	47
TASK04_CON68	TASK01_CON07	0	17	1
TASK04_CON68	TASK01_CON08	0	17	2
TASK04_CON68	TASK01_CON09	0	17	3
TASK04_CON68	TASK02_CON25	0	17	4
TASK04_CON68	TASK02_CON26	0	17	5
TASK04_CON68	TASK02_CON27	0	17	6
TASK04_CON68	TASK03_CON19	0	17	7
TASK04_CON68	TASK03_CON20	0	17	8
TASK04_CON68	TASK03_CON22	0	17	9
TASK04_CON68	TASK04_CON61	0	17	10
TASK04_CON68	TASK04_CON62	0	17	11
TASK04_CON68	TASK04_CON63	0	17	12
TASK04_CON68	TASK04_CON64	0	17	13
TASK04_CON68	TASK04_CON65	0	17	14
TASK04_CON68	TASK04_CON66	0	17	15
TASK04_CON68	TASK04_CON67	0	17	16
TASK04_CON68	TASK04_CON68	12000	17	17
TASK04_CON68	TASK04_CON69	0	17	18
TASK04_CON68	TASK04_CON70	0	17	19
TASK04_CON68	TASK04_CON71	0	17	20
TASK04_CON68	TASK04_CON72	0	17	21
TASK04_CON68	TASK04_CON73	0	17	22
TASK04_CON68	TASK05_CON13	0	17	23
TASK04_CON68	TASK05_CON14	0	17	24
TASK04_CON68	TASK05_CON15	0	17	25
TASK04_CON68	TASK06_CON01	0	17	26
TASK04_CON68	TASK06_CON02	0	17	27
TASK04_CON68	TASK06_CON06	0	17	28
TASK04_CON68	TASK07_CON31	0	17	29
TASK04_CON68	TASK07_CON32	0	17	30
TASK04_CON68	TASK07_CON33	0	17	31
TASK04_CON68	TASK07_CON34	0	17	32
TASK04_CON68	TASK07_CON35	0	17	33
TASK04_CON68	TASK07_CON36	0	17	34
TASK04_CON68	TASK07_CON37	0	17	35
TASK04_CON68	TASK07_CON38	0	17	36
TASK04_CON68	TASK07_CON39	0	17	37
TASK04_CON68	TASK07_CON40	0	17	38
TASK04_CON68	TASK07_CON41	0	17	39
TASK04_CON68	TASK07_CON45	0	17	40
TASK04_CON68	TASK07_CON46	0	17	41
TASK04_CON68	TASK07_CON47	0	17	42
TASK04_CON68	TASK07_CON48	0	17	43
TASK04_CON68	TASK07_CON49	0	17	44
TASK04_CON68	TASK07_CON50	0	17	45
TASK04_CON68	TASK07_CON51	0	17	46
TASK04_CON68	TASK07_CON52	0	17	47
TASK04_CON69	TASK01_CON07	0	18	1
TASK04_CON69	TASK01_CON08	0	18	2
TASK04_CON69	TASK01_CON09	0	18	3
TASK04_CON69	TASK02_CON25	0	18	4
TASK04_CON69	TASK02_CON26	0	18	5
TASK04_CON69	TASK02_CON27	0	18	6
TASK04_CON69	TASK03_CON19	0	18	7
TASK04_CON69	TASK03_CON20	0	18	8
TASK04_CON69	TASK03_CON22	0	18	9
TASK04_CON69	TASK04_CON61	0	18	10
TASK04_CON69	TASK04_CON62	9	18	11
TASK04_CON69	TASK04_CON63	0	18	12
TASK04_CON69	TASK04_CON64	0	18	13
TASK04_CON69	TASK04_CON65	0	18	14
TASK04_CON69	TASK04_CON66	0	18	15
TASK04_CON69	TASK04_CON67	0	18	16
TASK04_CON69	TASK04_CON68	0	18	17
TASK04_CON69	TASK04_CON69	11952	18	18
TASK04_CON69	TASK04_CON70	0	18	19
TASK04_CON69	TASK04_CON71	39	18	20
TASK04_CON69	TASK04_CON72	0	18	21
TASK04_CON69	TASK04_CON73	0	18	22
TASK04_CON69	TASK05_CON13	0	18	23
TASK04_CON69	TASK05_CON14	0	18	24
TASK04_CON69	TASK05_CON15	0	18	25
TASK04_CON69	TASK06_CON01	0	18	26
TASK04_CON69	TASK06_CON02	0	18	27
TASK04_CON69	TASK06_CON06	0	18	28
TASK04_CON69	TASK07_CON31	0	18	29
TASK04_CON69	TASK07_CON32	0	18	30
TASK04_CON69	TASK07_CON33	0	18	31
TASK04_CON69	TASK07_CON34	0	18	32
TASK04_CON69	TASK07_CON35	0	18	33
TASK04_CON69	TASK07_CON36	0	18	34
TASK04_CON69	TASK07_CON37	0	18	35
TASK04_CON69	TASK07_CON38	0	18	36
TASK04_CON69	TASK07_CON39	0	18	37
TASK04_CON69	TASK07_CON40	0	18	38
TASK04_CON69	TASK07_CON41	0	18	39
TASK04_CON69	TASK07_CON45	0	18	40
TASK04_CON69	TASK07_CON46	0	18	41
TASK04_CON69	TASK07_CON47	0	18	42
TASK04_CON69	TASK07_CON48	0	18	43
TASK04_CON69	TASK07_CON49	0	18	44
TASK04_CON69	TASK07_CON50	0	18	45
TASK04_CON69	TASK07_CON51	0	18	46
TASK04_CON69	TASK07_CON52	0	18	47
TASK04_CON70	TASK01_CON07	0	19	1
TASK04_CON70	TASK01_CON08	0	19	2
TASK04_CON70	TASK01_CON09	0	19	3
TASK04_CON70	TASK02_CON25	0	19	4
TASK04_CON70	TASK02_CON26	0	19	5
TASK04_CON70	TASK02_CON27	0	19	6
TASK04_CON70	TASK03_CON19	0	19	7
TASK04_CON70	TASK03_CON20	0	19	8
TASK04_CON70	TASK03_CON22	0	19	9
TASK04_CON70	TASK04_CON61	0	19	10
TASK04_CON70	TASK04_CON62	0	19	11
TASK04_CON70	TASK04_CON63	0	19	12
TASK04_CON70	TASK04_CON64	0	19	13
TASK04_CON70	TASK04_CON65	0	19	14
TASK04_CON70	TASK04_CON66	0	19	15
TASK04_CON70	TASK04_CON67	0	19	16
TASK04_CON70	TASK04_CON68	0	19	17
TASK04_CON70	TASK04_CON69	0	19	18
TASK04_CON70	TASK04_CON70	12000	19	19
TASK04_CON70	TASK04_CON71	0	19	20
TASK04_CON70	TASK04_CON72	0	19	21
TASK04_CON70	TASK04_CON73	0	19	22
TASK04_CON70	TASK05_CON13	0	19	23
TASK04_CON70	TASK05_CON14	0	19	24
TASK04_CON70	TASK05_CON15	0	19	25
TASK04_CON70	TASK06_CON01	0	19	26
TASK04_CON70	TASK06_CON02	0	19	27
TASK04_CON70	TASK06_CON06	0	19	28
TASK04_CON70	TASK07_CON31	0	19	29
TASK04_CON70	TASK07_CON32	0	19	30
TASK04_CON70	TASK07_CON33	0	19	31
TASK04_CON70	TASK07_CON34	0	19	32
TASK04_CON70	TASK07_CON35	0	19	33
TASK04_CON70	TASK07_CON36	0	19	34
TASK04_CON70	TASK07_CON37	0	19	35
TASK04_CON70	TASK07_CON38	0	19	36
TASK04_CON70	TASK07_CON39	0	19	37
TASK04_CON70	TASK07_CON40	0	19	38
TASK04_CON70	TASK07_CON41	0	19	39
TASK04_CON70	TASK07_CON45	0	19	40
TASK04_CON70	TASK07_CON46	0	19	41
TASK04_CON70	TASK07_CON47	0	19	42
TASK04_CON70	TASK07_CON48	0	19	43
TASK04_CON70	TASK07_CON49	0	19	44
TASK04_CON70	TASK07_CON50	0	19	45
TASK04_CON70	TASK07_CON51	0	19	46
TASK04_CON70	TASK07_CON52	0	19	47
TASK04_CON71	TASK01_CON07	0	20	1
TASK04_CON71	TASK01_CON08	0	20	2
TASK04_CON71	TASK01_CON09	0	20	3
TASK04_CON71	TASK02_CON25	0	20	4
TASK04_CON71	TASK02_CON26	0	20	5
TASK04_CON71	TASK02_CON27	0	20	6
TASK04_CON71	TASK03_CON19	0	20	7
TASK04_CON71	TASK03_CON20	0	20	8
TASK04_CON71	TASK03_CON22	0	20	9
TASK04_CON71	TASK04_CON61	0	20	10
TASK04_CON71	TASK04_CON62	0	20	11
TASK04_CON71	TASK04_CON63	0	20	12
TASK04_CON71	TASK04_CON64	4	20	13
TASK04_CON71	TASK04_CON65	0	20	14
TASK04_CON71	TASK04_CON66	0	20	15
TASK04_CON71	TASK04_CON67	0	20	16
TASK04_CON71	TASK04_CON68	0	20	17
TASK04_CON71	TASK04_CON69	0	20	18
TASK04_CON71	TASK04_CON70	0	20	19
TASK04_CON71	TASK04_CON71	11996	20	20
TASK04_CON71	TASK04_CON72	0	20	21
TASK04_CON71	TASK04_CON73	0	20	22
TASK04_CON71	TASK05_CON13	0	20	23
TASK04_CON71	TASK05_CON14	0	20	24
TASK04_CON71	TASK05_CON15	0	20	25
TASK04_CON71	TASK06_CON01	0	20	26
TASK04_CON71	TASK06_CON02	0	20	27
TASK04_CON71	TASK06_CON06	0	20	28
TASK04_CON71	TASK07_CON31	0	20	29
TASK04_CON71	TASK07_CON32	0	20	30
TASK04_CON71	TASK07_CON33	0	20	31
TASK04_CON71	TASK07_CON34	0	20	32
TASK04_CON71	TASK07_CON35	0	20	33
TASK04_CON71	TASK07_CON36	0	20	34
TASK04_CON71	TASK07_CON37	0	20	35
TASK04_CON71	TASK07_CON38	0	20	36
TASK04_CON71	TASK07_CON39	0	20	37
TASK04_CON71	TASK07_CON40	0	20	38
TASK04_CON71	TASK07_CON41	0	20	39
TASK04_CON71	TASK07_CON45	0	20	40
TASK04_CON71	TASK07_CON46	0	20	41
TASK04_CON71	TASK07_CON47	0	20	42
TASK04_CON71	TASK07_CON48	0	20	43
TASK04_CON71	TASK07_CON49	0	20	44
TASK04_CON71	TASK07_CON50	0	20	45
TASK04_CON71	TASK07_CON51	0	20	46
TASK04_CON71	TASK07_CON52	0	20	47
TASK04_CON72	TASK01_CON07	0	21	1
TASK04_CON72	TASK01_CON08	0	21	2
TASK04_CON72	TASK01_CON09	0	21	3
TASK04_CON72	TASK02_CON25	0	21	4
TASK04_CON72	TASK02_CON26	0	21	5
TASK04_CON72	TASK02_CON27	0	21	6
TASK04_CON72	TASK03_CON19	0	21	7
TASK04_CON72	TASK03_CON20	0	21	8
TASK04_CON72	TASK03_CON22	0	21	9
TASK04_CON72	TASK04_CON61	0	21	10
TASK04_CON72	TASK04_CON62	0	21	11
TASK04_CON72	TASK04_CON63	0	21	12
TASK04_CON72	TASK04_CON64	0	21	13
TASK04_CON72	TASK04_CON65	0	21	14
TASK04_CON72	TASK04_CON66	0	21	15
TASK04_CON72	TASK04_CON67	0	21	16
TASK04_CON72	TASK04_CON68	0	21	17
TASK04_CON72	TASK04_CON69	0	21	18
TASK04_CON72	TASK04_CON70	0	21	19
TASK04_CON72	TASK04_CON71	0	21	20
TASK04_CON72	TASK04_CON72	12000	21	21
TASK04_CON72	TASK04_CON73	0	21	22
TASK04_CON72	TASK05_CON13	0	21	23
TASK04_CON72	TASK05_CON14	0	21	24
TASK04_CON72	TASK05_CON15	0	21	25
TASK04_CON72	TASK06_CON01	0	21	26
TASK04_CON72	TASK06_CON02	0	21	27
TASK04_CON72	TASK06_CON06	0	21	28
TASK04_CON72	TASK07_CON31	0	21	29
TASK04_CON72	TASK07_CON32	0	21	30
TASK04_CON72	TASK07_CON33	0	21	31
TASK04_CON72	TASK07_CON34	0	21	32
TASK04_CON72	TASK07_CON35	0	21	33
TASK04_CON72	TASK07_CON36	0	21	34
TASK04_CON72	TASK07_CON37	0	21	35
TASK04_CON72	TASK07_CON38	0	21	36
TASK04_CON72	TASK07_CON39	0	21	37
TASK04_CON72	TASK07_CON40	0	21	38
TASK04_CON72	TASK07_CON41	0	21	39
TASK04_CON72	TASK07_CON45	0	21	40
TASK04_CON72	TASK07_CON46	0	21	41
TASK04_CON72	TASK07_CON47	0	21	42
TASK04_CON72	TASK07_CON48	0	21	43
TASK04_CON72	TASK07_CON49	0	21	44
TASK04_CON72	TASK07_CON50	0	21	45
TASK04_CON72	TASK07_CON51	0	21	46
TASK04_CON72	TASK07_CON52	0	21	47
TASK04_CON73	TASK01_CON07	0	22	1
TASK04_CON73	TASK01_CON08	0	22	2
TASK04_CON73	TASK01_CON09	0	22	3
TASK04_CON73	TASK02_CON25	0	22	4
TASK04_CON73	TASK02_CON26	0	22	5
TASK04_CON73	TASK02_CON27	0	22	6
TASK04_CON73	TASK03_CON19	0	22	7
TASK04_CON73	TASK03_CON20	0	22	8
TASK04_CON73	TASK03_CON22	0	22	9
TASK04_CON73	TASK04_CON61	0	22	10
TASK04_CON73	TASK04_CON62	0	22	11
TASK04_CON73	TASK04_CON63	0	22	12
TASK04_CON73	TASK04_CON64	0	22	13
TASK04_CON73	TASK04_CON65	0	22	14
TASK04_CON73	TASK04_CON66	248	22	15
TASK04_CON73	TASK04_CON67	0	22	16
TASK04_CON73	TASK04_CON68	0	22	17
TASK04_CON73	TASK04_CON69	0	22	18
TASK04_CON73	TASK04_CON70	0	22	19
TASK04_CON73	TASK04_CON71	0	22	20
TASK04_CON73	TASK04_CON72	0	22	21
TASK04_CON73	TASK04_CON73	11752	22	22
TASK04_CON73	TASK05_CON13	0	22	23
TASK04_CON73	TASK05_CON14	0	22	24
TASK04_CON73	TASK05_CON15	0	22	25
TASK04_CON73	TASK06_CON01	0	22	26
TASK04_CON73	TASK06_CON02	0	22	27
TASK04_CON73	TASK06_CON06	0	22	28
TASK04_CON73	TASK07_CON31	0	22	29
TASK04_CON73	TASK07_CON32	0	22	30
TASK04_CON73	TASK07_CON33	0	22	31
TASK04_CON73	TASK07_CON34	0	22	32
TASK04_CON73	TASK07_CON35	0	22	33
TASK04_CON73	TASK07_CON36	0	22	34
TASK04_CON73	TASK07_CON37	0	22	35
TASK04_CON73	TASK07_CON38	0	22	36
TASK04_CON73	TASK07_CON39	0	22	37
TASK04_CON73	TASK07_CON40	0	22	38
TASK04_CON73	TASK07_CON41	0	22	39
TASK04_CON73	TASK07_CON45	0	22	40
TASK04_CON73	TASK07_CON46	0	22	41
TASK04_CON73	TASK07_CON47	0	22	42
TASK04_CON73	TASK07_CON48	0	22	43
TASK04_CON73	TASK07_CON49	0	22	44
TASK04_CON73	TASK07_CON50	0	22	45
TASK04_CON73	TASK07_CON51	0	22	46
TASK04_CON73	TASK07_CON52	0	22	47
TASK05_CON13	TASK01_CON07	0	23	1
TASK05_CON13	TASK01_CON08	0	23	2
TASK05_CON13	TASK01_CON09	0	23	3
TASK05_CON13	TASK02_CON25	0	23	4
TASK05_CON13	TASK02_CON26	0	23	5
TASK05_CON13	TASK02_CON27	0	23	6
TASK05_CON13	TASK03_CON19	0	23	7
TASK05_CON13	TASK03_CON20	0	23	8
TASK05_CON13	TASK03_CON22	0	23	9
TASK05_CON13	TASK04_CON61	0	23	10
TASK05_CON13	TASK04_CON62	0	23	11
TASK05_CON13	TASK04_CON63	0	23	12
TASK05_CON13	TASK04_CON64	0	23	13
TASK05_CON13	TASK04_CON65	0	23	14
TASK05_CON13	TASK04_CON66	0	23	15
TASK05_CON13	TASK04_CON67	0	23	16
TASK05_CON13	TASK04_CON68	0	23	17
TASK05_CON13	TASK04_CON69	0	23	18
TASK05_CON13	TASK04_CON70	0	23	19
TASK05_CON13	TASK04_CON71	0	23	20
TASK05_CON13	TASK04_CON72	0	23	21
TASK05_CON13	TASK04_CON73	0	23	22
TASK05_CON13	TASK05_CON13	11747	23	23
TASK05_CON13	TASK05_CON14	253	23	24
TASK05_CON13	TASK05_CON15	0	23	25
TASK05_CON13	TASK06_CON01	0	23	26
TASK05_CON13	TASK06_CON02	0	23	27
TASK05_CON13	TASK06_CON06	0	23	28
TASK05_CON13	TASK07_CON31	0	23	29
TASK05_CON13	TASK07_CON32	0	23	30
TASK05_CON13	TASK07_CON33	0	23	31
TASK05_CON13	TASK07_CON34	0	23	32
TASK05_CON13	TASK07_CON35	0	23	33
TASK05_CON13	TASK07_CON36	0	23	34
TASK05_CON13	TASK07_CON37	0	23	35
TASK05_CON13	TASK07_CON38	0	23	36
TASK05_CON13	TASK07_CON39	0	23	37
TASK05_CON13	TASK07_CON40	0	23	38
TASK05_CON13	TASK07_CON41	0	23	39
TASK05_CON13	TASK07_CON45	0	23	40
TASK05_CON13	TASK07_CON46	0	23	41
TASK05_CON13	TASK07_CON47	0	23	42
TASK05_CON13	TASK07_CON48	0	23	43
TASK05_CON13	TASK07_CON49	0	23	44
TASK05_CON13	TASK07_CON50	0	23	45
TASK05_CON13	TASK07_CON51	0	23	46
TASK05_CON13	TASK07_CON52	0	23	47
TASK05_CON14	TASK01_CON07	0	24	1
TASK05_CON14	TASK01_CON08	0	24	2
TASK05_CON14	TASK01_CON09	0	24	3
TASK05_CON14	TASK02_CON25	0	24	4
TASK05_CON14	TASK02_CON26	0	24	5
TASK05_CON14	TASK02_CON27	0	24	6
TASK05_CON14	TASK03_CON19	0	24	7
TASK05_CON14	TASK03_CON20	0	24	8
TASK05_CON14	TASK03_CON22	0	24	9
TASK05_CON14	TASK04_CON61	0	24	10
TASK05_CON14	TASK04_CON62	0	24	11
TASK05_CON14	TASK04_CON63	0	24	12
TASK05_CON14	TASK04_CON64	0	24	13
TASK05_CON14	TASK04_CON65	0	24	14
TASK05_CON14	TASK04_CON66	0	24	15
TASK05_CON14	TASK04_CON67	0	24	16
TASK05_CON14	TASK04_CON68	0	24	17
TASK05_CON14	TASK04_CON69	0	24	18
TASK05_CON14	TASK04_CON70	0	24	19
TASK05_CON14	TASK04_CON71	0	24	20
TASK05_CON14	TASK04_CON72	0	24	21
TASK05_CON14	TASK04_CON73	0	24	22
TASK05_CON14	TASK05_CON13	442	24	23
TASK05_CON14	TASK05_CON14	11558	24	24
TASK05_CON14	TASK05_CON15	0	24	25
TASK05_CON14	TASK06_CON01	0	24	26
TASK05_CON14	TASK06_CON02	0	24	27
TASK05_CON14	TASK06_CON06	0	24	28
TASK05_CON14	TASK07_CON31	0	24	29
TASK05_CON14	TASK07_CON32	0	24	30
TASK05_CON14	TASK07_CON33	0	24	31
TASK05_CON14	TASK07_CON34	0	24	32
TASK05_CON14	TASK07_CON35	0	24	33
TASK05_CON14	TASK07_CON36	0	24	34
TASK05_CON14	TASK07_CON37	0	24	35
TASK05_CON14	TASK07_CON38	0	24	36
TASK05_CON14	TASK07_CON39	0	24	37
TASK05_CON14	TASK07_CON40	0	24	38
TASK05_CON14	TASK07_CON41	0	24	39
TASK05_CON14	TASK07_CON45	0	24	40
TASK05_CON14	TASK07_CON46	0	24	41
TASK05_CON14	TASK07_CON47	0	24	42
TASK05_CON14	TASK07_CON48	0	24	43
TASK05_CON14	TASK07_CON49	0	24	44
TASK05_CON14	TASK07_CON50	0	24	45
TASK05_CON14	TASK07_CON51	0	24	46
TASK05_CON14	TASK07_CON52	0	24	47
TASK05_CON15	TASK01_CON07	0	25	1
TASK05_CON15	TASK01_CON08	0	25	2
TASK05_CON15	TASK01_CON09	0	25	3
TASK05_CON15	TASK02_CON25	0	25	4
TASK05_CON15	TASK02_CON26	0	25	5
TASK05_CON15	TASK02_CON27	0	25	6
TASK05_CON15	TASK03_CON19	2	25	7
TASK05_CON15	TASK03_CON20	45	25	8
TASK05_CON15	TASK03_CON22	0	25	9
TASK05_CON15	TASK04_CON61	2	25	10
TASK05_CON15	TASK04_CON62	0	25	11
TASK05_CON15	TASK04_CON63	0	25	12
TASK05_CON15	TASK04_CON64	0	25	13
TASK05_CON15	TASK04_CON65	18	25	14
TASK05_CON15	TASK04_CON66	0	25	15
TASK05_CON15	TASK04_CON67	0	25	16
TASK05_CON15	TASK04_CON68	0	25	17
TASK05_CON15	TASK04_CON69	1	25	18
TASK05_CON15	TASK04_CON70	20	25	19
TASK05_CON15	TASK04_CON71	0	25	20
TASK05_CON15	TASK04_CON72	591	25	21
TASK05_CON15	TASK04_CON73	310	25	22
TASK05_CON15	TASK05_CON13	0	25	23
TASK05_CON15	TASK05_CON14	0	25	24
TASK05_CON15	TASK05_CON15	11011	25	25
TASK05_CON15	TASK06_CON01	0	25	26
TASK05_CON15	TASK06_CON02	0	25	27
TASK05_CON15	TASK06_CON06	0	25	28
TASK05_CON15	TASK07_CON31	0	25	29
TASK05_CON15	TASK07_CON32	0	25	30
TASK05_CON15	TASK07_CON33	0	25	31
TASK05_CON15	TASK07_CON34	0	25	32
TASK05_CON15	TASK07_CON35	0	25	33
TASK05_CON15	TASK07_CON36	0	25	34
TASK05_CON15	TASK07_CON37	0	25	35
TASK05_CON15	TASK07_CON38	0	25	36
TASK05_CON15	TASK07_CON39	0	25	37
TASK05_CON15	TASK07_CON40	0	25	38
TASK05_CON15	TASK07_CON41	0	25	39
TASK05_CON15	TASK07_CON45	0	25	40
TASK05_CON15	TASK07_CON46	0	25	41
TASK05_CON15	TASK07_CON47	0	25	42
TASK05_CON15	TASK07_CON48	0	25	43
TASK05_CON15	TASK07_CON49	0	25	44
TASK05_CON15	TASK07_CON50	0	25	45
TASK05_CON15	TASK07_CON51	0	25	46
TASK05_CON15	TASK07_CON52	0	25	47
TASK06_CON01	TASK01_CON07	0	26	1
TASK06_CON01	TASK01_CON08	0	26	2
TASK06_CON01	TASK01_CON09	0	26	3
TASK06_CON01	TASK02_CON25	0	26	4
TASK06_CON01	TASK02_CON26	0	26	5
TASK06_CON01	TASK02_CON27	0	26	6
TASK06_CON01	TASK03_CON19	0	26	7
TASK06_CON01	TASK03_CON20	0	26	8
TASK06_CON01	TASK03_CON22	0	26	9
TASK06_CON01	TASK04_CON61	0	26	10
TASK06_CON01	TASK04_CON62	0	26	11
TASK06_CON01	TASK04_CON63	0	26	12
TASK06_CON01	TASK04_CON64	0	26	13
TASK06_CON01	TASK04_CON65	0	26	14
TASK06_CON01	TASK04_CON66	0	26	15
TASK06_CON01	TASK04_CON67	0	26	16
TASK06_CON01	TASK04_CON68	0	26	17
TASK06_CON01	TASK04_CON69	0	26	18
TASK06_CON01	TASK04_CON70	0	26	19
TASK06_CON01	TASK04_CON71	0	26	20
TASK06_CON01	TASK04_CON72	0	26	21
TASK06_CON01	TASK04_CON73	0	26	22
TASK06_CON01	TASK05_CON13	0	26	23
TASK06_CON01	TASK05_CON14	0	26	24
TASK06_CON01	TASK05_CON15	0	26	25
TASK06_CON01	TASK06_CON01	12000	26	26
TASK06_CON01	TASK06_CON02	0	26	27
TASK06_CON01	TASK06_CON06	0	26	28
TASK06_CON01	TASK07_CON31	0	26	29
TASK06_CON01	TASK07_CON32	0	26	30
TASK06_CON01	TASK07_CON33	0	26	31
TASK06_CON01	TASK07_CON34	0	26	32
TASK06_CON01	TASK07_CON35	0	26	33
TASK06_CON01	TASK07_CON36	0	26	34
TASK06_CON01	TASK07_CON37	0	26	35
TASK06_CON01	TASK07_CON38	0	26	36
TASK06_CON01	TASK07_CON39	0	26	37
TASK06_CON01	TASK07_CON40	0	26	38
TASK06_CON01	TASK07_CON41	0	26	39
TASK06_CON01	TASK07_CON45	0	26	40
TASK06_CON01	TASK07_CON46	0	26	41
TASK06_CON01	TASK07_CON47	0	26	42
TASK06_CON01	TASK07_CON48	0	26	43
TASK06_CON01	TASK07_CON49	0	26	44
TASK06_CON01	TASK07_CON50	0	26	45
TASK06_CON01	TASK07_CON51	0	26	46
TASK06_CON01	TASK07_CON52	0	26	47
TASK06_CON02	TASK01_CON07	0	27	1
TASK06_CON02	TASK01_CON08	0	27	2
TASK06_CON02	TASK01_CON09	0	27	3
TASK06_CON02	TASK02_CON25	0	27	4
TASK06_CON02	TASK02_CON26	0	27	5
TASK06_CON02	TASK02_CON27	0	27	6
TASK06_CON02	TASK03_CON19	0	27	7
TASK06_CON02	TASK03_CON20	0	27	8
TASK06_CON02	TASK03_CON22	0	27	9
TASK06_CON02	TASK04_CON61	0	27	10
TASK06_CON02	TASK04_CON62	0	27	11
TASK06_CON02	TASK04_CON63	0	27	12
TASK06_CON02	TASK04_CON64	0	27	13
TASK06_CON02	TASK04_CON65	0	27	14
TASK06_CON02	TASK04_CON66	0	27	15
TASK06_CON02	TASK04_CON67	0	27	16
TASK06_CON02	TASK04_CON68	0	27	17
TASK06_CON02	TASK04_CON69	0	27	18
TASK06_CON02	TASK04_CON70	0	27	19
TASK06_CON02	TASK04_CON71	0	27	20
TASK06_CON02	TASK04_CON72	0	27	21
TASK06_CON02	TASK04_CON73	0	27	22
TASK06_CON02	TASK05_CON13	0	27	23
TASK06_CON02	TASK05_CON14	0	27	24
TASK06_CON02	TASK05_CON15	0	27	25
TASK06_CON02	TASK06_CON01	0	27	26
TASK06_CON02	TASK06_CON02	12000	27	27
TASK06_CON02	TASK06_CON06	0	27	28
TASK06_CON02	TASK07_CON31	0	27	29
TASK06_CON02	TASK07_CON32	0	27	30
TASK06_CON02	TASK07_CON33	0	27	31
TASK06_CON02	TASK07_CON34	0	27	32
TASK06_CON02	TASK07_CON35	0	27	33
TASK06_CON02	TASK07_CON36	0	27	34
TASK06_CON02	TASK07_CON37	0	27	35
TASK06_CON02	TASK07_CON38	0	27	36
TASK06_CON02	TASK07_CON39	0	27	37
TASK06_CON02	TASK07_CON40	0	27	38
TASK06_CON02	TASK07_CON41	0	27	39
TASK06_CON02	TASK07_CON45	0	27	40
TASK06_CON02	TASK07_CON46	0	27	41
TASK06_CON02	TASK07_CON47	0	27	42
TASK06_CON02	TASK07_CON48	0	27	43
TASK06_CON02	TASK07_CON49	0	27	44
TASK06_CON02	TASK07_CON50	0	27	45
TASK06_CON02	TASK07_CON51	0	27	46
TASK06_CON02	TASK07_CON52	0	27	47
TASK06_CON06	TASK01_CON07	0	28	1
TASK06_CON06	TASK01_CON08	0	28	2
TASK06_CON06	TASK01_CON09	0	28	3
TASK06_CON06	TASK02_CON25	0	28	4
TASK06_CON06	TASK02_CON26	0	28	5
TASK06_CON06	TASK02_CON27	0	28	6
TASK06_CON06	TASK03_CON19	0	28	7
TASK06_CON06	TASK03_CON20	0	28	8
TASK06_CON06	TASK03_CON22	0	28	9
TASK06_CON06	TASK04_CON61	0	28	10
TASK06_CON06	TASK04_CON62	0	28	11
TASK06_CON06	TASK04_CON63	0	28	12
TASK06_CON06	TASK04_CON64	0	28	13
TASK06_CON06	TASK04_CON65	0	28	14
TASK06_CON06	TASK04_CON66	0	28	15
TASK06_CON06	TASK04_CON67	0	28	16
TASK06_CON06	TASK04_CON68	0	28	17
TASK06_CON06	TASK04_CON69	0	28	18
TASK06_CON06	TASK04_CON70	0	28	19
TASK06_CON06	TASK04_CON71	0	28	20
TASK06_CON06	TASK04_CON72	0	28	21
TASK06_CON06	TASK04_CON73	0	28	22
TASK06_CON06	TASK05_CON13	0	28	23
TASK06_CON06	TASK05_CON14	0	28	24
TASK06_CON06	TASK05_CON15	0	28	25
TASK06_CON06	TASK06_CON01	0	28	26
TASK06_CON06	TASK06_CON02	0	28	27
TASK06_CON06	TASK06_CON06	12000	28	28
TASK06_CON06	TASK07_CON31	0	28	29
TASK06_CON06	TASK07_CON32	0	28	30
TASK06_CON06	TASK07_CON33	0	28	31
TASK06_CON06	TASK07_CON34	0	28	32
TASK06_CON06	TASK07_CON35	0	28	33
TASK06_CON06	TASK07_CON36	0	28	34
TASK06_CON06	TASK07_CON37	0	28	35
TASK06_CON06	TASK07_CON38	0	28	36
TASK06_CON06	TASK07_CON39	0	28	37
TASK06_CON06	TASK07_CON40	0	28	38
TASK06_CON06	TASK07_CON41	0	28	39
TASK06_CON06	TASK07_CON45	0	28	40
TASK06_CON06	TASK07_CON46	0	28	41
TASK06_CON06	TASK07_CON47	0	28	42
TASK06_CON06	TASK07_CON48	0	28	43
TASK06_CON06	TASK07_CON49	0	28	44
TASK06_CON06	TASK07_CON50	0	28	45
TASK06_CON06	TASK07_CON51	0	28	46
TASK06_CON06	TASK07_CON52	0	28	47
TASK07_CON31	TASK01_CON07	0	29	1
TASK07_CON31	TASK01_CON08	0	29	2
TASK07_CON31	TASK01_CON09	0	29	3
TASK07_CON31	TASK02_CON25	0	29	4
TASK07_CON31	TASK02_CON26	0	29	5
TASK07_CON31	TASK02_CON27	0	29	6
TASK07_CON31	TASK03_CON19	0	29	7
TASK07_CON31	TASK03_CON20	0	29	8
TASK07_CON31	TASK03_CON22	0	29	9
TASK07_CON31	TASK04_CON61	0	29	10
TASK07_CON31	TASK04_CON62	0	29	11
TASK07_CON31	TASK04_CON63	0	29	12
TASK07_CON31	TASK04_CON64	0	29	13
TASK07_CON31	TASK04_CON65	0	29	14
TASK07_CON31	TASK04_CON66	0	29	15
TASK07_CON31	TASK04_CON67	0	29	16
TASK07_CON31	TASK04_CON68	0	29	17
TASK07_CON31	TASK04_CON69	0	29	18
TASK07_CON31	TASK04_CON70	0	29	19
TASK07_CON31	TASK04_CON71	0	29	20
TASK07_CON31	TASK04_CON72	0	29	21
TASK07_CON31	TASK04_CON73	0	29	22
TASK07_CON31	TASK05_CON13	0	29	23
TASK07_CON31	TASK05_CON14	3	29	24
TASK07_CON31	TASK05_CON15	0	29	25
TASK07_CON31	TASK06_CON01	0	29	26
TASK07_CON31	TASK06_CON02	0	29	27
TASK07_CON31	TASK06_CON06	0	29	28
TASK07_CON31	TASK07_CON31	5572	29	29
TASK07_CON31	TASK07_CON32	2	29	30
TASK07_CON31	TASK07_CON33	0	29	31
TASK07_CON31	TASK07_CON34	9	29	32
TASK07_CON31	TASK07_CON35	0	29	33
TASK07_CON31	TASK07_CON36	0	29	34
TASK07_CON31	TASK07_CON37	0	29	35
TASK07_CON31	TASK07_CON38	0	29	36
TASK07_CON31	TASK07_CON39	5926	29	37
TASK07_CON31	TASK07_CON40	0	29	38
TASK07_CON31	TASK07_CON41	0	29	39
TASK07_CON31	TASK07_CON45	484	29	40
TASK07_CON31	TASK07_CON46	0	29	41
TASK07_CON31	TASK07_CON47	0	29	42
TASK07_CON31	TASK07_CON48	4	29	43
TASK07_CON31	TASK07_CON49	0	29	44
TASK07_CON31	TASK07_CON50	0	29	45
TASK07_CON31	TASK07_CON51	0	29	46
TASK07_CON31	TASK07_CON52	0	29	47
TASK07_CON32	TASK01_CON07	0	30	1
TASK07_CON32	TASK01_CON08	0	30	2
TASK07_CON32	TASK01_CON09	0	30	3
TASK07_CON32	TASK02_CON25	0	30	4
TASK07_CON32	TASK02_CON26	0	30	5
TASK07_CON32	TASK02_CON27	0	30	6
TASK07_CON32	TASK03_CON19	0	30	7
TASK07_CON32	TASK03_CON20	0	30	8
TASK07_CON32	TASK03_CON22	0	30	9
TASK07_CON32	TASK04_CON61	0	30	10
TASK07_CON32	TASK04_CON62	0	30	11
TASK07_CON32	TASK04_CON63	0	30	12
TASK07_CON32	TASK04_CON64	0	30	13
TASK07_CON32	TASK04_CON65	0	30	14
TASK07_CON32	TASK04_CON66	0	30	15
TASK07_CON32	TASK04_CON67	0	30	16
TASK07_CON32	TASK04_CON68	0	30	17
TASK07_CON32	TASK04_CON69	0	30	18
TASK07_CON32	TASK04_CON70	0	30	19
TASK07_CON32	TASK04_CON71	0	30	20
TASK07_CON32	TASK04_CON72	0	30	21
TASK07_CON32	TASK04_CON73	0	30	22
TASK07_CON32	TASK05_CON13	0	30	23
TASK07_CON32	TASK05_CON14	0	30	24
TASK07_CON32	TASK05_CON15	0	30	25
TASK07_CON32	TASK06_CON01	0	30	26
TASK07_CON32	TASK06_CON02	0	30	27
TASK07_CON32	TASK06_CON06	0	30	28
TASK07_CON32	TASK07_CON31	0	30	29
TASK07_CON32	TASK07_CON32	8680	30	30
TASK07_CON32	TASK07_CON33	0	30	31
TASK07_CON32	TASK07_CON34	0	30	32
TASK07_CON32	TASK07_CON35	0	30	33
TASK07_CON32	TASK07_CON36	0	30	34
TASK07_CON32	TASK07_CON37	0	30	35
TASK07_CON32	TASK07_CON38	0	30	36
TASK07_CON32	TASK07_CON39	3219	30	37
TASK07_CON32	TASK07_CON40	0	30	38
TASK07_CON32	TASK07_CON41	0	30	39
TASK07_CON32	TASK07_CON45	0	30	40
TASK07_CON32	TASK07_CON46	101	30	41
TASK07_CON32	TASK07_CON47	0	30	42
TASK07_CON32	TASK07_CON48	0	30	43
TASK07_CON32	TASK07_CON49	0	30	44
TASK07_CON32	TASK07_CON50	0	30	45
TASK07_CON32	TASK07_CON51	0	30	46
TASK07_CON32	TASK07_CON52	0	30	47
TASK07_CON33	TASK01_CON07	0	31	1
TASK07_CON33	TASK01_CON08	0	31	2
TASK07_CON33	TASK01_CON09	0	31	3
TASK07_CON33	TASK02_CON25	0	31	4
TASK07_CON33	TASK02_CON26	0	31	5
TASK07_CON33	TASK02_CON27	0	31	6
TASK07_CON33	TASK03_CON19	0	31	7
TASK07_CON33	TASK03_CON20	0	31	8
TASK07_CON33	TASK03_CON22	0	31	9
TASK07_CON33	TASK04_CON61	0	31	10
TASK07_CON33	TASK04_CON62	0	31	11
TASK07_CON33	TASK04_CON63	0	31	12
TASK07_CON33	TASK04_CON64	0	31	13
TASK07_CON33	TASK04_CON65	0	31	14
TASK07_CON33	TASK04_CON66	0	31	15
TASK07_CON33	TASK04_CON67	0	31	16
TASK07_CON33	TASK04_CON68	0	31	17
TASK07_CON33	TASK04_CON69	0	31	18
TASK07_CON33	TASK04_CON70	0	31	19
TASK07_CON33	TASK04_CON71	0	31	20
TASK07_CON33	TASK04_CON72	0	31	21
TASK07_CON33	TASK04_CON73	0	31	22
TASK07_CON33	TASK05_CON13	0	31	23
TASK07_CON33	TASK05_CON14	0	31	24
TASK07_CON33	TASK05_CON15	0	31	25
TASK07_CON33	TASK06_CON01	0	31	26
TASK07_CON33	TASK06_CON02	0	31	27
TASK07_CON33	TASK06_CON06	0	31	28
TASK07_CON33	TASK07_CON31	0	31	29
TASK07_CON33	TASK07_CON32	0	31	30
TASK07_CON33	TASK07_CON33	9093	31	31
TASK07_CON33	TASK07_CON34	0	31	32
TASK07_CON33	TASK07_CON35	0	31	33
TASK07_CON33	TASK07_CON36	0	31	34
TASK07_CON33	TASK07_CON37	2	31	35
TASK07_CON33	TASK07_CON38	0	31	36
TASK07_CON33	TASK07_CON39	772	31	37
TASK07_CON33	TASK07_CON40	0	31	38
TASK07_CON33	TASK07_CON41	0	31	39
TASK07_CON33	TASK07_CON45	0	31	40
TASK07_CON33	TASK07_CON46	0	31	41
TASK07_CON33	TASK07_CON47	2133	31	42
TASK07_CON33	TASK07_CON48	0	31	43
TASK07_CON33	TASK07_CON49	0	31	44
TASK07_CON33	TASK07_CON50	0	31	45
TASK07_CON33	TASK07_CON51	0	31	46
TASK07_CON33	TASK07_CON52	0	31	47
TASK07_CON34	TASK01_CON07	0	32	1
TASK07_CON34	TASK01_CON08	0	32	2
TASK07_CON34	TASK01_CON09	0	32	3
TASK07_CON34	TASK02_CON25	0	32	4
TASK07_CON34	TASK02_CON26	0	32	5
TASK07_CON34	TASK02_CON27	0	32	6
TASK07_CON34	TASK03_CON19	0	32	7
TASK07_CON34	TASK03_CON20	0	32	8
TASK07_CON34	TASK03_CON22	0	32	9
TASK07_CON34	TASK04_CON61	0	32	10
TASK07_CON34	TASK04_CON62	0	32	11
TASK07_CON34	TASK04_CON63	0	32	12
TASK07_CON34	TASK04_CON64	0	32	13
TASK07_CON34	TASK04_CON65	0	32	14
TASK07_CON34	TASK04_CON66	0	32	15
TASK07_CON34	TASK04_CON67	0	32	16
TASK07_CON34	TASK04_CON68	0	32	17
TASK07_CON34	TASK04_CON69	0	32	18
TASK07_CON34	TASK04_CON70	0	32	19
TASK07_CON34	TASK04_CON71	0	32	20
TASK07_CON34	TASK04_CON72	0	32	21
TASK07_CON34	TASK04_CON73	0	32	22
TASK07_CON34	TASK05_CON13	8	32	23
TASK07_CON34	TASK05_CON14	129	32	24
TASK07_CON34	TASK05_CON15	0	32	25
TASK07_CON34	TASK06_CON01	0	32	26
TASK07_CON34	TASK06_CON02	0	32	27
TASK07_CON34	TASK06_CON06	0	32	28
TASK07_CON34	TASK07_CON31	8	32	29
TASK07_CON34	TASK07_CON32	0	32	30
TASK07_CON34	TASK07_CON33	0	32	31
TASK07_CON34	TASK07_CON34	6146	32	32
TASK07_CON34	TASK07_CON35	0	32	33
TASK07_CON34	TASK07_CON36	0	32	34
TASK07_CON34	TASK07_CON37	0	32	35
TASK07_CON34	TASK07_CON38	0	32	36
TASK07_CON34	TASK07_CON39	3902	32	37
TASK07_CON34	TASK07_CON40	0	32	38
TASK07_CON34	TASK07_CON41	0	32	39
TASK07_CON34	TASK07_CON45	4	32	40
TASK07_CON34	TASK07_CON46	0	32	41
TASK07_CON34	TASK07_CON47	0	32	42
TASK07_CON34	TASK07_CON48	1803	32	43
TASK07_CON34	TASK07_CON49	0	32	44
TASK07_CON34	TASK07_CON50	0	32	45
TASK07_CON34	TASK07_CON51	0	32	46
TASK07_CON34	TASK07_CON52	0	32	47
TASK07_CON35	TASK01_CON07	0	33	1
TASK07_CON35	TASK01_CON08	0	33	2
TASK07_CON35	TASK01_CON09	0	33	3
TASK07_CON35	TASK02_CON25	0	33	4
TASK07_CON35	TASK02_CON26	0	33	5
TASK07_CON35	TASK02_CON27	0	33	6
TASK07_CON35	TASK03_CON19	0	33	7
TASK07_CON35	TASK03_CON20	0	33	8
TASK07_CON35	TASK03_CON22	0	33	9
TASK07_CON35	TASK04_CON61	0	33	10
TASK07_CON35	TASK04_CON62	0	33	11
TASK07_CON35	TASK04_CON63	0	33	12
TASK07_CON35	TASK04_CON64	0	33	13
TASK07_CON35	TASK04_CON65	0	33	14
TASK07_CON35	TASK04_CON66	0	33	15
TASK07_CON35	TASK04_CON67	0	33	16
TASK07_CON35	TASK04_CON68	0	33	17
TASK07_CON35	TASK04_CON69	0	33	18
TASK07_CON35	TASK04_CON70	0	33	19
TASK07_CON35	TASK04_CON71	0	33	20
TASK07_CON35	TASK04_CON72	0	33	21
TASK07_CON35	TASK04_CON73	0	33	22
TASK07_CON35	TASK05_CON13	12	33	23
TASK07_CON35	TASK05_CON14	13	33	24
TASK07_CON35	TASK05_CON15	0	33	25
TASK07_CON35	TASK06_CON01	0	33	26
TASK07_CON35	TASK06_CON02	0	33	27
TASK07_CON35	TASK06_CON06	0	33	28
TASK07_CON35	TASK07_CON31	4	33	29
TASK07_CON35	TASK07_CON32	0	33	30
TASK07_CON35	TASK07_CON33	0	33	31
TASK07_CON35	TASK07_CON34	5	33	32
TASK07_CON35	TASK07_CON35	4389	33	33
TASK07_CON35	TASK07_CON36	0	33	34
TASK07_CON35	TASK07_CON37	0	33	35
TASK07_CON35	TASK07_CON38	22	33	36
TASK07_CON35	TASK07_CON39	10	33	37
TASK07_CON35	TASK07_CON40	607	33	38
TASK07_CON35	TASK07_CON41	0	33	39
TASK07_CON35	TASK07_CON45	6701	33	40
TASK07_CON35	TASK07_CON46	0	33	41
TASK07_CON35	TASK07_CON47	0	33	42
TASK07_CON35	TASK07_CON48	237	33	43
TASK07_CON35	TASK07_CON49	0	33	44
TASK07_CON35	TASK07_CON50	0	33	45
TASK07_CON35	TASK07_CON51	0	33	46
TASK07_CON35	TASK07_CON52	0	33	47
TASK07_CON36	TASK01_CON07	0	34	1
TASK07_CON36	TASK01_CON08	0	34	2
TASK07_CON36	TASK01_CON09	0	34	3
TASK07_CON36	TASK02_CON25	0	34	4
TASK07_CON36	TASK02_CON26	0	34	5
TASK07_CON36	TASK02_CON27	0	34	6
TASK07_CON36	TASK03_CON19	0	34	7
TASK07_CON36	TASK03_CON20	0	34	8
TASK07_CON36	TASK03_CON22	0	34	9
TASK07_CON36	TASK04_CON61	0	34	10
TASK07_CON36	TASK04_CON62	0	34	11
TASK07_CON36	TASK04_CON63	0	34	12
TASK07_CON36	TASK04_CON64	0	34	13
TASK07_CON36	TASK04_CON65	0	34	14
TASK07_CON36	TASK04_CON66	0	34	15
TASK07_CON36	TASK04_CON67	0	34	16
TASK07_CON36	TASK04_CON68	0	34	17
TASK07_CON36	TASK04_CON69	0	34	18
TASK07_CON36	TASK04_CON70	0	34	19
TASK07_CON36	TASK04_CON71	0	34	20
TASK07_CON36	TASK04_CON72	0	34	21
TASK07_CON36	TASK04_CON73	0	34	22
TASK07_CON36	TASK05_CON13	1	34	23
TASK07_CON36	TASK05_CON14	0	34	24
TASK07_CON36	TASK05_CON15	0	34	25
TASK07_CON36	TASK06_CON01	0	34	26
TASK07_CON36	TASK06_CON02	0	34	27
TASK07_CON36	TASK06_CON06	0	34	28
TASK07_CON36	TASK07_CON31	0	34	29
TASK07_CON36	TASK07_CON32	0	34	30
TASK07_CON36	TASK07_CON33	0	34	31
TASK07_CON36	TASK07_CON34	0	34	32
TASK07_CON36	TASK07_CON35	0	34	33
TASK07_CON36	TASK07_CON36	7673	34	34
TASK07_CON36	TASK07_CON37	0	34	35
TASK07_CON36	TASK07_CON38	5	34	36
TASK07_CON36	TASK07_CON39	62	34	37
TASK07_CON36	TASK07_CON40	1517	34	38
TASK07_CON36	TASK07_CON41	0	34	39
TASK07_CON36	TASK07_CON45	71	34	40
TASK07_CON36	TASK07_CON46	2662	34	41
TASK07_CON36	TASK07_CON47	0	34	42
TASK07_CON36	TASK07_CON48	9	34	43
TASK07_CON36	TASK07_CON49	0	34	44
TASK07_CON36	TASK07_CON50	0	34	45
TASK07_CON36	TASK07_CON51	0	34	46
TASK07_CON36	TASK07_CON52	0	34	47
TASK07_CON37	TASK01_CON07	0	35	1
TASK07_CON37	TASK01_CON08	0	35	2
TASK07_CON37	TASK01_CON09	0	35	3
TASK07_CON37	TASK02_CON25	0	35	4
TASK07_CON37	TASK02_CON26	0	35	5
TASK07_CON37	TASK02_CON27	0	35	6
TASK07_CON37	TASK03_CON19	0	35	7
TASK07_CON37	TASK03_CON20	0	35	8
TASK07_CON37	TASK03_CON22	0	35	9
TASK07_CON37	TASK04_CON61	0	35	10
TASK07_CON37	TASK04_CON62	0	35	11
TASK07_CON37	TASK04_CON63	0	35	12
TASK07_CON37	TASK04_CON64	0	35	13
TASK07_CON37	TASK04_CON65	0	35	14
TASK07_CON37	TASK04_CON66	0	35	15
TASK07_CON37	TASK04_CON67	0	35	16
TASK07_CON37	TASK04_CON68	0	35	17
TASK07_CON37	TASK04_CON69	0	35	18
TASK07_CON37	TASK04_CON70	0	35	19
TASK07_CON37	TASK04_CON71	0	35	20
TASK07_CON37	TASK04_CON72	0	35	21
TASK07_CON37	TASK04_CON73	0	35	22
TASK07_CON37	TASK05_CON13	9	35	23
TASK07_CON37	TASK05_CON14	5	35	24
TASK07_CON37	TASK05_CON15	0	35	25
TASK07_CON37	TASK06_CON01	0	35	26
TASK07_CON37	TASK06_CON02	0	35	27
TASK07_CON37	TASK06_CON06	0	35	28
TASK07_CON37	TASK07_CON31	0	35	29
TASK07_CON37	TASK07_CON32	0	35	30
TASK07_CON37	TASK07_CON33	0	35	31
TASK07_CON37	TASK07_CON34	0	35	32
TASK07_CON37	TASK07_CON35	0	35	33
TASK07_CON37	TASK07_CON36	0	35	34
TASK07_CON37	TASK07_CON37	8059	35	35
TASK07_CON37	TASK07_CON38	7	35	36
TASK07_CON37	TASK07_CON39	0	35	37
TASK07_CON37	TASK07_CON40	108	35	38
TASK07_CON37	TASK07_CON41	0	35	39
TASK07_CON37	TASK07_CON45	0	35	40
TASK07_CON37	TASK07_CON46	0	35	41
TASK07_CON37	TASK07_CON47	3809	35	42
TASK07_CON37	TASK07_CON48	3	35	43
TASK07_CON37	TASK07_CON49	0	35	44
TASK07_CON37	TASK07_CON50	0	35	45
TASK07_CON37	TASK07_CON51	0	35	46
TASK07_CON37	TASK07_CON52	0	35	47
TASK07_CON38	TASK01_CON07	0	36	1
TASK07_CON38	TASK01_CON08	0	36	2
TASK07_CON38	TASK01_CON09	0	36	3
TASK07_CON38	TASK02_CON25	0	36	4
TASK07_CON38	TASK02_CON26	0	36	5
TASK07_CON38	TASK02_CON27	0	36	6
TASK07_CON38	TASK03_CON19	0	36	7
TASK07_CON38	TASK03_CON20	0	36	8
TASK07_CON38	TASK03_CON22	0	36	9
TASK07_CON38	TASK04_CON61	0	36	10
TASK07_CON38	TASK04_CON62	0	36	11
TASK07_CON38	TASK04_CON63	0	36	12
TASK07_CON38	TASK04_CON64	0	36	13
TASK07_CON38	TASK04_CON65	0	36	14
TASK07_CON38	TASK04_CON66	0	36	15
TASK07_CON38	TASK04_CON67	0	36	16
TASK07_CON38	TASK04_CON68	0	36	17
TASK07_CON38	TASK04_CON69	0	36	18
TASK07_CON38	TASK04_CON70	0	36	19
TASK07_CON38	TASK04_CON71	0	36	20
TASK07_CON38	TASK04_CON72	0	36	21
TASK07_CON38	TASK04_CON73	0	36	22
TASK07_CON38	TASK05_CON13	61	36	23
TASK07_CON38	TASK05_CON14	109	36	24
TASK07_CON38	TASK05_CON15	0	36	25
TASK07_CON38	TASK06_CON01	0	36	26
TASK07_CON38	TASK06_CON02	0	36	27
TASK07_CON38	TASK06_CON06	0	36	28
TASK07_CON38	TASK07_CON31	0	36	29
TASK07_CON38	TASK07_CON32	0	36	30
TASK07_CON38	TASK07_CON33	0	36	31
TASK07_CON38	TASK07_CON34	0	36	32
TASK07_CON38	TASK07_CON35	0	36	33
TASK07_CON38	TASK07_CON36	0	36	34
TASK07_CON38	TASK07_CON37	24	36	35
TASK07_CON38	TASK07_CON38	5888	36	36
TASK07_CON38	TASK07_CON39	59	36	37
TASK07_CON38	TASK07_CON40	2262	36	38
TASK07_CON38	TASK07_CON41	0	36	39
TASK07_CON38	TASK07_CON45	1	36	40
TASK07_CON38	TASK07_CON46	0	36	41
TASK07_CON38	TASK07_CON47	0	36	42
TASK07_CON38	TASK07_CON48	3596	36	43
TASK07_CON38	TASK07_CON49	0	36	44
TASK07_CON38	TASK07_CON50	0	36	45
TASK07_CON38	TASK07_CON51	0	36	46
TASK07_CON38	TASK07_CON52	0	36	47
TASK07_CON39	TASK01_CON07	0	37	1
TASK07_CON39	TASK01_CON08	0	37	2
TASK07_CON39	TASK01_CON09	0	37	3
TASK07_CON39	TASK02_CON25	0	37	4
TASK07_CON39	TASK02_CON26	0	37	5
TASK07_CON39	TASK02_CON27	0	37	6
TASK07_CON39	TASK03_CON19	0	37	7
TASK07_CON39	TASK03_CON20	0	37	8
TASK07_CON39	TASK03_CON22	0	37	9
TASK07_CON39	TASK04_CON61	0	37	10
TASK07_CON39	TASK04_CON62	0	37	11
TASK07_CON39	TASK04_CON63	0	37	12
TASK07_CON39	TASK04_CON64	0	37	13
TASK07_CON39	TASK04_CON65	0	37	14
TASK07_CON39	TASK04_CON66	0	37	15
TASK07_CON39	TASK04_CON67	0	37	16
TASK07_CON39	TASK04_CON68	0	37	17
TASK07_CON39	TASK04_CON69	0	37	18
TASK07_CON39	TASK04_CON70	0	37	19
TASK07_CON39	TASK04_CON71	0	37	20
TASK07_CON39	TASK04_CON72	0	37	21
TASK07_CON39	TASK04_CON73	0	37	22
TASK07_CON39	TASK05_CON13	0	37	23
TASK07_CON39	TASK05_CON14	0	37	24
TASK07_CON39	TASK05_CON15	0	37	25
TASK07_CON39	TASK06_CON01	0	37	26
TASK07_CON39	TASK06_CON02	0	37	27
TASK07_CON39	TASK06_CON06	0	37	28
TASK07_CON39	TASK07_CON31	2	37	29
TASK07_CON39	TASK07_CON32	3	37	30
TASK07_CON39	TASK07_CON33	0	37	31
TASK07_CON39	TASK07_CON34	2	37	32
TASK07_CON39	TASK07_CON35	0	37	33
TASK07_CON39	TASK07_CON36	0	37	34
TASK07_CON39	TASK07_CON37	0	37	35
TASK07_CON39	TASK07_CON38	0	37	36
TASK07_CON39	TASK07_CON39	11992	37	37
TASK07_CON39	TASK07_CON40	0	37	38
TASK07_CON39	TASK07_CON41	0	37	39
TASK07_CON39	TASK07_CON45	0	37	40
TASK07_CON39	TASK07_CON46	0	37	41
TASK07_CON39	TASK07_CON47	0	37	42
TASK07_CON39	TASK07_CON48	1	37	43
TASK07_CON39	TASK07_CON49	0	37	44
TASK07_CON39	TASK07_CON50	0	37	45
TASK07_CON39	TASK07_CON51	0	37	46
TASK07_CON39	TASK07_CON52	0	37	47
TASK07_CON40	TASK01_CON07	0	38	1
TASK07_CON40	TASK01_CON08	0	38	2
TASK07_CON40	TASK01_CON09	0	38	3
TASK07_CON40	TASK02_CON25	0	38	4
TASK07_CON40	TASK02_CON26	0	38	5
TASK07_CON40	TASK02_CON27	0	38	6
TASK07_CON40	TASK03_CON19	0	38	7
TASK07_CON40	TASK03_CON20	0	38	8
TASK07_CON40	TASK03_CON22	0	38	9
TASK07_CON40	TASK04_CON61	0	38	10
TASK07_CON40	TASK04_CON62	0	38	11
TASK07_CON40	TASK04_CON63	0	38	12
TASK07_CON40	TASK04_CON64	0	38	13
TASK07_CON40	TASK04_CON65	0	38	14
TASK07_CON40	TASK04_CON66	0	38	15
TASK07_CON40	TASK04_CON67	0	38	16
TASK07_CON40	TASK04_CON68	0	38	17
TASK07_CON40	TASK04_CON69	0	38	18
TASK07_CON40	TASK04_CON70	0	38	19
TASK07_CON40	TASK04_CON71	0	38	20
TASK07_CON40	TASK04_CON72	0	38	21
TASK07_CON40	TASK04_CON73	0	38	22
TASK07_CON40	TASK05_CON13	19	38	23
TASK07_CON40	TASK05_CON14	13	38	24
TASK07_CON40	TASK05_CON15	0	38	25
TASK07_CON40	TASK06_CON01	0	38	26
TASK07_CON40	TASK06_CON02	0	38	27
TASK07_CON40	TASK06_CON06	0	38	28
TASK07_CON40	TASK07_CON31	0	38	29
TASK07_CON40	TASK07_CON32	0	38	30
TASK07_CON40	TASK07_CON33	0	38	31
TASK07_CON40	TASK07_CON34	0	38	32
TASK07_CON40	TASK07_CON35	0	38	33
TASK07_CON40	TASK07_CON36	0	38	34
TASK07_CON40	TASK07_CON37	2	38	35
TASK07_CON40	TASK07_CON38	8	38	36
TASK07_CON40	TASK07_CON39	344	38	37
TASK07_CON40	TASK07_CON40	11255	38	38
TASK07_CON40	TASK07_CON41	0	38	39
TASK07_CON40	TASK07_CON45	18	38	40
TASK07_CON40	TASK07_CON46	0	38	41
TASK07_CON40	TASK07_CON47	0	38	42
TASK07_CON40	TASK07_CON48	341	38	43
TASK07_CON40	TASK07_CON49	0	38	44
TASK07_CON40	TASK07_CON50	0	38	45
TASK07_CON40	TASK07_CON51	0	38	46
TASK07_CON40	TASK07_CON52	0	38	47
TASK07_CON41	TASK01_CON07	0	39	1
TASK07_CON41	TASK01_CON08	0	39	2
TASK07_CON41	TASK01_CON09	0	39	3
TASK07_CON41	TASK02_CON25	0	39	4
TASK07_CON41	TASK02_CON26	0	39	5
TASK07_CON41	TASK02_CON27	0	39	6
TASK07_CON41	TASK03_CON19	0	39	7
TASK07_CON41	TASK03_CON20	0	39	8
TASK07_CON41	TASK03_CON22	0	39	9
TASK07_CON41	TASK04_CON61	0	39	10
TASK07_CON41	TASK04_CON62	0	39	11
TASK07_CON41	TASK04_CON63	0	39	12
TASK07_CON41	TASK04_CON64	0	39	13
TASK07_CON41	TASK04_CON65	0	39	14
TASK07_CON41	TASK04_CON66	0	39	15
TASK07_CON41	TASK04_CON67	0	39	16
TASK07_CON41	TASK04_CON68	0	39	17
TASK07_CON41	TASK04_CON69	0	39	18
TASK07_CON41	TASK04_CON70	0	39	19
TASK07_CON41	TASK04_CON71	0	39	20
TASK07_CON41	TASK04_CON72	0	39	21
TASK07_CON41	TASK04_CON73	0	39	22
TASK07_CON41	TASK05_CON13	0	39	23
TASK07_CON41	TASK05_CON14	0	39	24
TASK07_CON41	TASK05_CON15	0	39	25
TASK07_CON41	TASK06_CON01	0	39	26
TASK07_CON41	TASK06_CON02	0	39	27
TASK07_CON41	TASK06_CON06	0	39	28
TASK07_CON41	TASK07_CON31	0	39	29
TASK07_CON41	TASK07_CON32	0	39	30
TASK07_CON41	TASK07_CON33	0	39	31
TASK07_CON41	TASK07_CON34	0	39	32
TASK07_CON41	TASK07_CON35	0	39	33
TASK07_CON41	TASK07_CON36	0	39	34
TASK07_CON41	TASK07_CON37	0	39	35
TASK07_CON41	TASK07_CON38	0	39	36
TASK07_CON41	TASK07_CON39	0	39	37
TASK07_CON41	TASK07_CON40	0	39	38
TASK07_CON41	TASK07_CON41	12000	39	39
TASK07_CON41	TASK07_CON45	0	39	40
TASK07_CON41	TASK07_CON46	0	39	41
TASK07_CON41	TASK07_CON47	0	39	42
TASK07_CON41	TASK07_CON48	0	39	43
TASK07_CON41	TASK07_CON49	0	39	44
TASK07_CON41	TASK07_CON50	0	39	45
TASK07_CON41	TASK07_CON51	0	39	46
TASK07_CON41	TASK07_CON52	0	39	47
TASK07_CON45	TASK01_CON07	0	40	1
TASK07_CON45	TASK01_CON08	0	40	2
TASK07_CON45	TASK01_CON09	0	40	3
TASK07_CON45	TASK02_CON25	0	40	4
TASK07_CON45	TASK02_CON26	0	40	5
TASK07_CON45	TASK02_CON27	0	40	6
TASK07_CON45	TASK03_CON19	0	40	7
TASK07_CON45	TASK03_CON20	0	40	8
TASK07_CON45	TASK03_CON22	0	40	9
TASK07_CON45	TASK04_CON61	0	40	10
TASK07_CON45	TASK04_CON62	0	40	11
TASK07_CON45	TASK04_CON63	0	40	12
TASK07_CON45	TASK04_CON64	0	40	13
TASK07_CON45	TASK04_CON65	0	40	14
TASK07_CON45	TASK04_CON66	0	40	15
TASK07_CON45	TASK04_CON67	0	40	16
TASK07_CON45	TASK04_CON68	0	40	17
TASK07_CON45	TASK04_CON69	0	40	18
TASK07_CON45	TASK04_CON70	0	40	19
TASK07_CON45	TASK04_CON71	0	40	20
TASK07_CON45	TASK04_CON72	0	40	21
TASK07_CON45	TASK04_CON73	0	40	22
TASK07_CON45	TASK05_CON13	1	40	23
TASK07_CON45	TASK05_CON14	11	40	24
TASK07_CON45	TASK05_CON15	0	40	25
TASK07_CON45	TASK06_CON01	0	40	26
TASK07_CON45	TASK06_CON02	0	40	27
TASK07_CON45	TASK06_CON06	0	40	28
TASK07_CON45	TASK07_CON31	255	40	29
TASK07_CON45	TASK07_CON32	0	40	30
TASK07_CON45	TASK07_CON33	0	40	31
TASK07_CON45	TASK07_CON34	7	40	32
TASK07_CON45	TASK07_CON35	2	40	33
TASK07_CON45	TASK07_CON36	0	40	34
TASK07_CON45	TASK07_CON37	0	40	35
TASK07_CON45	TASK07_CON38	0	40	36
TASK07_CON45	TASK07_CON39	2073	40	37
TASK07_CON45	TASK07_CON40	0	40	38
TASK07_CON45	TASK07_CON41	0	40	39
TASK07_CON45	TASK07_CON45	9513	40	40
TASK07_CON45	TASK07_CON46	0	40	41
TASK07_CON45	TASK07_CON47	0	40	42
TASK07_CON45	TASK07_CON48	138	40	43
TASK07_CON45	TASK07_CON49	0	40	44
TASK07_CON45	TASK07_CON50	0	40	45
TASK07_CON45	TASK07_CON51	0	40	46
TASK07_CON45	TASK07_CON52	0	40	47
TASK07_CON46	TASK01_CON07	0	41	1
TASK07_CON46	TASK01_CON08	0	41	2
TASK07_CON46	TASK01_CON09	0	41	3
TASK07_CON46	TASK02_CON25	0	41	4
TASK07_CON46	TASK02_CON26	0	41	5
TASK07_CON46	TASK02_CON27	0	41	6
TASK07_CON46	TASK03_CON19	0	41	7
TASK07_CON46	TASK03_CON20	0	41	8
TASK07_CON46	TASK03_CON22	0	41	9
TASK07_CON46	TASK04_CON61	0	41	10
TASK07_CON46	TASK04_CON62	0	41	11
TASK07_CON46	TASK04_CON63	0	41	12
TASK07_CON46	TASK04_CON64	0	41	13
TASK07_CON46	TASK04_CON65	0	41	14
TASK07_CON46	TASK04_CON66	0	41	15
TASK07_CON46	TASK04_CON67	0	41	16
TASK07_CON46	TASK04_CON68	0	41	17
TASK07_CON46	TASK04_CON69	0	41	18
TASK07_CON46	TASK04_CON70	0	41	19
TASK07_CON46	TASK04_CON71	0	41	20
TASK07_CON46	TASK04_CON72	0	41	21
TASK07_CON46	TASK04_CON73	0	41	22
TASK07_CON46	TASK05_CON13	0	41	23
TASK07_CON46	TASK05_CON14	0	41	24
TASK07_CON46	TASK05_CON15	0	41	25
TASK07_CON46	TASK06_CON01	0	41	26
TASK07_CON46	TASK06_CON02	0	41	27
TASK07_CON46	TASK06_CON06	0	41	28
TASK07_CON46	TASK07_CON31	0	41	29
TASK07_CON46	TASK07_CON32	66	41	30
TASK07_CON46	TASK07_CON33	0	41	31
TASK07_CON46	TASK07_CON34	0	41	32
TASK07_CON46	TASK07_CON35	0	41	33
TASK07_CON46	TASK07_CON36	0	41	34
TASK07_CON46	TASK07_CON37	0	41	35
TASK07_CON46	TASK07_CON38	0	41	36
TASK07_CON46	TASK07_CON39	2541	41	37
TASK07_CON46	TASK07_CON40	0	41	38
TASK07_CON46	TASK07_CON41	0	41	39
TASK07_CON46	TASK07_CON45	7	41	40
TASK07_CON46	TASK07_CON46	9386	41	41
TASK07_CON46	TASK07_CON47	0	41	42
TASK07_CON46	TASK07_CON48	0	41	43
TASK07_CON46	TASK07_CON49	0	41	44
TASK07_CON46	TASK07_CON50	0	41	45
TASK07_CON46	TASK07_CON51	0	41	46
TASK07_CON46	TASK07_CON52	0	41	47
TASK07_CON47	TASK01_CON07	0	42	1
TASK07_CON47	TASK01_CON08	0	42	2
TASK07_CON47	TASK01_CON09	0	42	3
TASK07_CON47	TASK02_CON25	0	42	4
TASK07_CON47	TASK02_CON26	0	42	5
TASK07_CON47	TASK02_CON27	0	42	6
TASK07_CON47	TASK03_CON19	0	42	7
TASK07_CON47	TASK03_CON20	0	42	8
TASK07_CON47	TASK03_CON22	0	42	9
TASK07_CON47	TASK04_CON61	0	42	10
TASK07_CON47	TASK04_CON62	0	42	11
TASK07_CON47	TASK04_CON63	0	42	12
TASK07_CON47	TASK04_CON64	0	42	13
TASK07_CON47	TASK04_CON65	0	42	14
TASK07_CON47	TASK04_CON66	0	42	15
TASK07_CON47	TASK04_CON67	0	42	16
TASK07_CON47	TASK04_CON68	0	42	17
TASK07_CON47	TASK04_CON69	0	42	18
TASK07_CON47	TASK04_CON70	0	42	19
TASK07_CON47	TASK04_CON71	0	42	20
TASK07_CON47	TASK04_CON72	0	42	21
TASK07_CON47	TASK04_CON73	0	42	22
TASK07_CON47	TASK05_CON13	0	42	23
TASK07_CON47	TASK05_CON14	4	42	24
TASK07_CON47	TASK05_CON15	0	42	25
TASK07_CON47	TASK06_CON01	0	42	26
TASK07_CON47	TASK06_CON02	0	42	27
TASK07_CON47	TASK06_CON06	0	42	28
TASK07_CON47	TASK07_CON31	0	42	29
TASK07_CON47	TASK07_CON32	0	42	30
TASK07_CON47	TASK07_CON33	368	42	31
TASK07_CON47	TASK07_CON34	0	42	32
TASK07_CON47	TASK07_CON35	0	42	33
TASK07_CON47	TASK07_CON36	0	42	34
TASK07_CON47	TASK07_CON37	56	42	35
TASK07_CON47	TASK07_CON38	0	42	36
TASK07_CON47	TASK07_CON39	315	42	37
TASK07_CON47	TASK07_CON40	0	42	38
TASK07_CON47	TASK07_CON41	0	42	39
TASK07_CON47	TASK07_CON45	0	42	40
TASK07_CON47	TASK07_CON46	0	42	41
TASK07_CON47	TASK07_CON47	11257	42	42
TASK07_CON47	TASK07_CON48	0	42	43
TASK07_CON47	TASK07_CON49	0	42	44
TASK07_CON47	TASK07_CON50	0	42	45
TASK07_CON47	TASK07_CON51	0	42	46
TASK07_CON47	TASK07_CON52	0	42	47
TASK07_CON48	TASK01_CON07	0	43	1
TASK07_CON48	TASK01_CON08	0	43	2
TASK07_CON48	TASK01_CON09	0	43	3
TASK07_CON48	TASK02_CON25	0	43	4
TASK07_CON48	TASK02_CON26	0	43	5
TASK07_CON48	TASK02_CON27	0	43	6
TASK07_CON48	TASK03_CON19	0	43	7
TASK07_CON48	TASK03_CON20	0	43	8
TASK07_CON48	TASK03_CON22	0	43	9
TASK07_CON48	TASK04_CON61	0	43	10
TASK07_CON48	TASK04_CON62	0	43	11
TASK07_CON48	TASK04_CON63	0	43	12
TASK07_CON48	TASK04_CON64	0	43	13
TASK07_CON48	TASK04_CON65	0	43	14
TASK07_CON48	TASK04_CON66	0	43	15
TASK07_CON48	TASK04_CON67	0	43	16
TASK07_CON48	TASK04_CON68	0	43	17
TASK07_CON48	TASK04_CON69	0	43	18
TASK07_CON48	TASK04_CON70	0	43	19
TASK07_CON48	TASK04_CON71	0	43	20
TASK07_CON48	TASK04_CON72	0	43	21
TASK07_CON48	TASK04_CON73	0	43	22
TASK07_CON48	TASK05_CON13	25	43	23
TASK07_CON48	TASK05_CON14	163	43	24
TASK07_CON48	TASK05_CON15	0	43	25
TASK07_CON48	TASK06_CON01	0	43	26
TASK07_CON48	TASK06_CON02	0	43	27
TASK07_CON48	TASK06_CON06	0	43	28
TASK07_CON48	TASK07_CON31	0	43	29
TASK07_CON48	TASK07_CON32	0	43	30
TASK07_CON48	TASK07_CON33	0	43	31
TASK07_CON48	TASK07_CON34	3	43	32
TASK07_CON48	TASK07_CON35	0	43	33
TASK07_CON48	TASK07_CON36	0	43	34
TASK07_CON48	TASK07_CON37	0	43	35
TASK07_CON48	TASK07_CON38	2	43	36
TASK07_CON48	TASK07_CON39	1904	43	37
TASK07_CON48	TASK07_CON40	13	43	38
TASK07_CON48	TASK07_CON41	0	43	39
TASK07_CON48	TASK07_CON45	8	43	40
TASK07_CON48	TASK07_CON46	0	43	41
TASK07_CON48	TASK07_CON47	0	43	42
TASK07_CON48	TASK07_CON48	9882	43	43
TASK07_CON48	TASK07_CON49	0	43	44
TASK07_CON48	TASK07_CON50	0	43	45
TASK07_CON48	TASK07_CON51	0	43	46
TASK07_CON48	TASK07_CON52	0	43	47
TASK07_CON49	TASK01_CON07	0	44	1
TASK07_CON49	TASK01_CON08	0	44	2
TASK07_CON49	TASK01_CON09	0	44	3
TASK07_CON49	TASK02_CON25	0	44	4
TASK07_CON49	TASK02_CON26	0	44	5
TASK07_CON49	TASK02_CON27	0	44	6
TASK07_CON49	TASK03_CON19	0	44	7
TASK07_CON49	TASK03_CON20	0	44	8
TASK07_CON49	TASK03_CON22	0	44	9
TASK07_CON49	TASK04_CON61	0	44	10
TASK07_CON49	TASK04_CON62	0	44	11
TASK07_CON49	TASK04_CON63	0	44	12
TASK07_CON49	TASK04_CON64	0	44	13
TASK07_CON49	TASK04_CON65	0	44	14
TASK07_CON49	TASK04_CON66	0	44	15
TASK07_CON49	TASK04_CON67	0	44	16
TASK07_CON49	TASK04_CON68	0	44	17
TASK07_CON49	TASK04_CON69	0	44	18
TASK07_CON49	TASK04_CON70	0	44	19
TASK07_CON49	TASK04_CON71	0	44	20
TASK07_CON49	TASK04_CON72	0	44	21
TASK07_CON49	TASK04_CON73	0	44	22
TASK07_CON49	TASK05_CON13	0	44	23
TASK07_CON49	TASK05_CON14	0	44	24
TASK07_CON49	TASK05_CON15	0	44	25
TASK07_CON49	TASK06_CON01	0	44	26
TASK07_CON49	TASK06_CON02	0	44	27
TASK07_CON49	TASK06_CON06	0	44	28
TASK07_CON49	TASK07_CON31	0	44	29
TASK07_CON49	TASK07_CON32	0	44	30
TASK07_CON49	TASK07_CON33	0	44	31
TASK07_CON49	TASK07_CON34	0	44	32
TASK07_CON49	TASK07_CON35	0	44	33
TASK07_CON49	TASK07_CON36	0	44	34
TASK07_CON49	TASK07_CON37	0	44	35
TASK07_CON49	TASK07_CON38	0	44	36
TASK07_CON49	TASK07_CON39	0	44	37
TASK07_CON49	TASK07_CON40	0	44	38
TASK07_CON49	TASK07_CON41	0	44	39
TASK07_CON49	TASK07_CON45	0	44	40
TASK07_CON49	TASK07_CON46	0	44	41
TASK07_CON49	TASK07_CON47	0	44	42
TASK07_CON49	TASK07_CON48	0	44	43
TASK07_CON49	TASK07_CON49	12000	44	44
TASK07_CON49	TASK07_CON50	0	44	45
TASK07_CON49	TASK07_CON51	0	44	46
TASK07_CON49	TASK07_CON52	0	44	47
TASK07_CON50	TASK01_CON07	0	45	1
TASK07_CON50	TASK01_CON08	0	45	2
TASK07_CON50	TASK01_CON09	0	45	3
TASK07_CON50	TASK02_CON25	0	45	4
TASK07_CON50	TASK02_CON26	0	45	5
TASK07_CON50	TASK02_CON27	0	45	6
TASK07_CON50	TASK03_CON19	0	45	7
TASK07_CON50	TASK03_CON20	1	45	8
TASK07_CON50	TASK03_CON22	176	45	9
TASK07_CON50	TASK04_CON61	0	45	10
TASK07_CON50	TASK04_CON62	0	45	11
TASK07_CON50	TASK04_CON63	0	45	12
TASK07_CON50	TASK04_CON64	0	45	13
TASK07_CON50	TASK04_CON65	0	45	14
TASK07_CON50	TASK04_CON66	0	45	15
TASK07_CON50	TASK04_CON67	0	45	16
TASK07_CON50	TASK04_CON68	0	45	17
TASK07_CON50	TASK04_CON69	0	45	18
TASK07_CON50	TASK04_CON70	1	45	19
TASK07_CON50	TASK04_CON71	0	45	20
TASK07_CON50	TASK04_CON72	0	45	21
TASK07_CON50	TASK04_CON73	0	45	22
TASK07_CON50	TASK05_CON13	0	45	23
TASK07_CON50	TASK05_CON14	0	45	24
TASK07_CON50	TASK05_CON15	0	45	25
TASK07_CON50	TASK06_CON01	0	45	26
TASK07_CON50	TASK06_CON02	0	45	27
TASK07_CON50	TASK06_CON06	0	45	28
TASK07_CON50	TASK07_CON31	0	45	29
TASK07_CON50	TASK07_CON32	0	45	30
TASK07_CON50	TASK07_CON33	0	45	31
TASK07_CON50	TASK07_CON34	0	45	32
TASK07_CON50	TASK07_CON35	0	45	33
TASK07_CON50	TASK07_CON36	0	45	34
TASK07_CON50	TASK07_CON37	0	45	35
TASK07_CON50	TASK07_CON38	0	45	36
TASK07_CON50	TASK07_CON39	0	45	37
TASK07_CON50	TASK07_CON40	0	45	38
TASK07_CON50	TASK07_CON41	0	45	39
TASK07_CON50	TASK07_CON45	0	45	40
TASK07_CON50	TASK07_CON46	0	45	41
TASK07_CON50	TASK07_CON47	0	45	42
TASK07_CON50	TASK07_CON48	0	45	43
TASK07_CON50	TASK07_CON49	0	45	44
TASK07_CON50	TASK07_CON50	11822	45	45
TASK07_CON50	TASK07_CON51	0	45	46
TASK07_CON50	TASK07_CON52	0	45	47
TASK07_CON51	TASK01_CON07	0	46	1
TASK07_CON51	TASK01_CON08	0	46	2
TASK07_CON51	TASK01_CON09	0	46	3
TASK07_CON51	TASK02_CON25	0	46	4
TASK07_CON51	TASK02_CON26	0	46	5
TASK07_CON51	TASK02_CON27	0	46	6
TASK07_CON51	TASK03_CON19	0	46	7
TASK07_CON51	TASK03_CON20	0	46	8
TASK07_CON51	TASK03_CON22	0	46	9
TASK07_CON51	TASK04_CON61	0	46	10
TASK07_CON51	TASK04_CON62	0	46	11
TASK07_CON51	TASK04_CON63	0	46	12
TASK07_CON51	TASK04_CON64	0	46	13
TASK07_CON51	TASK04_CON65	0	46	14
TASK07_CON51	TASK04_CON66	0	46	15
TASK07_CON51	TASK04_CON67	0	46	16
TASK07_CON51	TASK04_CON68	0	46	17
TASK07_CON51	TASK04_CON69	0	46	18
TASK07_CON51	TASK04_CON70	0	46	19
TASK07_CON51	TASK04_CON71	0	46	20
TASK07_CON51	TASK04_CON72	0	46	21
TASK07_CON51	TASK04_CON73	0	46	22
TASK07_CON51	TASK05_CON13	0	46	23
TASK07_CON51	TASK05_CON14	0	46	24
TASK07_CON51	TASK05_CON15	0	46	25
TASK07_CON51	TASK06_CON01	0	46	26
TASK07_CON51	TASK06_CON02	0	46	27
TASK07_CON51	TASK06_CON06	0	46	28
TASK07_CON51	TASK07_CON31	0	46	29
TASK07_CON51	TASK07_CON32	0	46	30
TASK07_CON51	TASK07_CON33	0	46	31
TASK07_CON51	TASK07_CON34	0	46	32
TASK07_CON51	TASK07_CON35	0	46	33
TASK07_CON51	TASK07_CON36	0	46	34
TASK07_CON51	TASK07_CON37	0	46	35
TASK07_CON51	TASK07_CON38	0	46	36
TASK07_CON51	TASK07_CON39	0	46	37
TASK07_CON51	TASK07_CON40	0	46	38
TASK07_CON51	TASK07_CON41	0	46	39
TASK07_CON51	TASK07_CON45	0	46	40
TASK07_CON51	TASK07_CON46	0	46	41
TASK07_CON51	TASK07_CON47	0	46	42
TASK07_CON51	TASK07_CON48	0	46	43
TASK07_CON51	TASK07_CON49	0	46	44
TASK07_CON51	TASK07_CON50	0	46	45
TASK07_CON51	TASK07_CON51	12000	46	46
TASK07_CON51	TASK07_CON52	0	46	47
TASK07_CON52	TASK01_CON07	0	47	1
TASK07_CON52	TASK01_CON08	0	47	2
TASK07_CON52	TASK01_CON09	0	47	3
TASK07_CON52	TASK02_CON25	0	47	4
TASK07_CON52	TASK02_CON26	0	47	5
TASK07_CON52	TASK02_CON27	0	47	6
TASK07_CON52	TASK03_CON19	0	47	7
TASK07_CON52	TASK03_CON20	0	47	8
TASK07_CON52	TASK03_CON22	0	47	9
TASK07_CON52	TASK04_CON61	0	47	10
TASK07_CON52	TASK04_CON62	0	47	11
TASK07_CON52	TASK04_CON63	0	47	12
TASK07_CON52	TASK04_CON64	0	47	13
TASK07_CON52	TASK04_CON65	0	47	14
TASK07_CON52	TASK04_CON66	0	47	15
TASK07_CON52	TASK04_CON67	0	47	16
TASK07_CON52	TASK04_CON68	0	47	17
TASK07_CON52	TASK04_CON69	0	47	18
TASK07_CON52	TASK04_CON70	0	47	19
TASK07_CON52	TASK04_CON71	0	47	20
TASK07_CON52	TASK04_CON72	0	47	21
TASK07_CON52	TASK04_CON73	0	47	22
TASK07_CON52	TASK05_CON13	0	47	23
TASK07_CON52	TASK05_CON14	0	47	24
TASK07_CON52	TASK05_CON15	0	47	25
TASK07_CON52	TASK06_CON01	0	47	26
TASK07_CON52	TASK06_CON02	0	47	27
TASK07_CON52	TASK06_CON06	0	47	28
TASK07_CON52	TASK07_CON31	0	47	29
TASK07_CON52	TASK07_CON32	0	47	30
TASK07_CON52	TASK07_CON33	0	47	31
TASK07_CON52	TASK07_CON34	0	47	32
TASK07_CON52	TASK07_CON35	0	47	33
TASK07_CON52	TASK07_CON36	0	47	34
TASK07_CON52	TASK07_CON37	0	47	35
TASK07_CON52	TASK07_CON38	0	47	36
TASK07_CON52	TASK07_CON39	0	47	37
TASK07_CON52	TASK07_CON40	0	47	38
TASK07_CON52	TASK07_CON41	0	47	39
TASK07_CON52	TASK07_CON45	0	47	40
TASK07_CON52	TASK07_CON46	0	47	41
TASK07_CON52	TASK07_CON47	0	47	42
TASK07_CON52	TASK07_CON48	0	47	43
TASK07_CON52	TASK07_CON49	0	47	44
TASK07_CON52	TASK07_CON50	0	47	45
TASK07_CON52	TASK07_CON51	0	47	46
TASK07_CON52	TASK07_CON52	12000	47	47
